# ts,sessionnum,HR,BR,ST,QTc,Cadence,Shock,QOS,FF QOS,Afib,Active Calories,Stress,Power
0,0,0,19,0,499,20,142,50,49,1,0,0,148480
20000,1,47,25,40,391,0,0,50,89,1,0,0,108544
40000,2,46,24,50,406,0,0,50,89,1,0,0,110592
60000,3,46,11,40,415,0,0,95,90,1,0,8,104448
81000,4,45,12,50,415,0,0,95,91,1,0,11,95232
101000,5,44,12,50,411,0,0,95,91,1,0,11,109568
121000,6,46,11,40,426,0,0,95,91,1,0,11,87040
141000,7,46,12,40,419,0,0,95,86,1,0,13,117760
161000,8,46,11,40,431,0,0,95,91,1,0,13,113664
181000,9,47,11,40,452,0,0,95,91,1,0,13,94208
201000,10,46,10,30,424,0,0,95,91,1,0,13,98304
221000,11,46,10,30,449,0,0,95,90,1,0,13,94208
241000,12,46,12,30,433,0,0,95,91,1,0,14,98304
261000,13,46,15,30,437,0,0,95,91,1,0,11,90112
282000,14,45,14,30,451,0,0,95,91,1,0,8,82944
302000,15,46,13,30,446,0,0,95,84,1,0,9,91136
322000,16,45,13,20,437,0,0,95,86,1,0,9,91136
342000,17,46,12,20,448,0,0,95,80,1,0,6,92160
362000,18,50,11,40,455,0,0,95,89,3,0,6,54272
382000,19,44,11,20,435,0,0,95,91,3,0,8,62464
402000,20,45,13,20,431,0,0,95,87,1,0,7,64512
422000,21,43,13,30,427,0,0,95,85,1,0,3,62464
442000,22,45,13,30,431,0,0,95,90,1,0,5,71680
462000,23,46,12,40,440,0,0,95,90,1,0,8,70656
483000,24,47,12,30,445,0,0,95,91,1,0,7,62464
503000,25,47,12,20,432,0,0,95,85,1,0,6,68608
523000,26,46,12,30,446,0,0,95,85,1,0,7,66560
543000,27,48,12,30,441,0,0,95,91,1,0,8,68608
563000,28,44,12,30,451,0,0,95,90,1,0,7,71680
583000,29,47,13,30,445,0,0,95,90,1,0,8,74752
603000,30,46,12,30,458,0,0,95,84,1,0,9,68608
623000,31,47,12,30,453,0,0,95,90,1,0,3,76800
643000,32,45,13,20,446,0,0,95,91,1,0,3,64512
663000,33,45,12,20,430,0,0,95,90,1,0,9,79872
684000,34,45,11,20,438,0,0,95,91,1,0,8,81920
704000,35,46,12,20,452,0,0,95,91,1,0,7,73728
724000,36,46,13,20,437,0,0,95,91,1,0,10,73728
744000,37,45,12,20,453,0,0,95,86,1,0,9,73728
764000,38,47,13,30,441,0,0,95,88,1,0,1,71680
784000,39,46,13,10,434,0,0,95,91,1,0,0,84992
804000,40,46,13,30,445,0,0,95,93,1,0,4,83968
824000,41,46,12,30,441,0,0,95,92,1,0,8,75776
844000,42,46,11,30,445,0,0,95,88,1,0,8,80896
864000,43,45,11,20,440,0,0,95,92,1,0,4,77824
885000,44,50,12,40,490,0,0,95,87,1,0,0,108544
905000,45,62,14,30,496,0,0,95,85,6,0,3,144384
925000,46,65,12,40,442,0,0,95,84,6,0,16,100352
945000,47,49,11,20,438,0,0,95,87,6,0,5,93184
965000,48,48,9,30,440,0,0,95,84,6,0,0,67584
985000,49,46,8,40,422,0,0,95,88,6,0,0,30720
1005000,50,46,11,20,421,0,0,95,85,6,0,0,46080
1025000,51,46,11,20,410,0,0,95,91,6,0,0,34816
1045000,52,46,11,30,430,0,0,95,86,6,0,1,51200
1065000,53,47,11,10,427,0,0,95,86,6,0,4,37888
1086000,54,47,11,20,442,0,0,95,82,6,0,4,72704
1106000,55,45,10,10,428,0,0,95,84,6,0,0,75776
1126000,56,46,11,20,423,0,0,95,85,6,0,0,65536
1146000,57,47,11,30,458,44,2,95,75,1,0,3,141312
1166000,58,74,17,40,511,94,22,95,76,1,0,10,132096
1186000,59,67,12,40,496,84,32,95,80,1,0,20,103424
1206000,60,69,13,0,460,146,38,95,68,1,0,34,105472
1226000,61,63,13,40,423,0,0,95,90,1,0,22,74752
1246000,62,47,13,30,410,0,0,95,91,1,0,10,46080
1266000,63,47,12,30,428,0,0,95,92,1,0,7,58368
1287000,64,48,12,30,419,0,0,95,87,1,0,8,47104
1307000,65,44,11,20,412,0,0,95,88,3,0,1,52224
1327000,66,45,12,20,436,0,0,95,83,3,0,0,75776
1347000,67,46,12,30,413,0,0,95,87,3,0,0,59392
1367000,68,45,11,30,418,0,0,95,90,6,0,5,46080
1387000,69,44,11,30,416,0,0,95,90,1,0,7,52224
1407000,70,46,11,30,437,0,0,95,90,1,0,5,59392
1427000,71,45,12,30,441,0,0,95,91,1,0,6,57344
1447000,72,47,11,20,441,0,0,95,91,1,0,10,63488
1467000,73,47,11,30,448,0,0,95,89,1,0,13,77824
1488000,74,48,12,30,441,0,0,95,88,1,0,12,78848
1508000,75,47,12,20,433,0,0,95,87,6,0,9,88064
1528000,76,46,13,20,431,0,0,95,87,6,0,5,91136
1548000,77,46,12,30,442,0,0,95,91,1,0,3,89088
1568000,78,47,14,30,453,0,0,95,83,6,0,3,114688
1588000,79,48,12,20,432,0,0,95,80,6,0,3,106496
1608000,80,46,11,20,434,0,0,95,84,6,0,4,115712
1628000,81,44,11,20,420,0,0,95,91,3,0,7,122880
1648000,82,46,12,30,434,0,0,95,90,3,0,13,119808
1668000,83,48,15,30,461,0,0,95,85,1,0,9,119808
1689000,84,50,12,20,444,0,0,95,83,6,0,5,136192
1709000,85,46,15,20,451,0,0,95,86,6,0,5,107520
1729000,86,50,12,30,439,0,0,95,86,6,0,6,36864
1749000,87,44,11,20,417,0,0,95,91,3,0,2,35840
1769000,88,45,11,30,437,0,0,95,91,3,0,3,34816
1789000,89,46,11,30,442,0,0,95,91,1,0,9,41984
1809000,90,47,12,30,438,0,0,95,91,1,0,9,43008
1829000,91,47,12,20,467,0,0,95,81,1,0,11,43008
1849000,92,51,11,20,440,0,0,95,85,6,0,8,45056
1869000,93,45,11,20,433,0,0,95,84,3,0,4,48128
1890000,94,45,11,30,439,0,0,95,92,3,0,4,46080
1910000,95,48,13,20,432,0,0,95,83,3,0,8,47104
1930000,96,47,13,10,432,0,0,95,84,6,0,6,43008
1950000,97,46,14,30,427,0,0,95,83,6,0,4,46080
1970000,98,47,12,10,446,0,0,95,82,6,0,4,49152
1990000,99,47,12,20,418,0,0,95,84,6,0,2,41984
2010000,100,47,12,10,439,0,0,95,82,6,0,3,40960
2030000,101,47,12,10,438,0,0,95,85,4,0,4,38912
2050000,102,47,14,10,426,0,0,95,82,6,0,4,35840
2070000,103,47,12,10,437,0,0,95,81,6,0,4,51200
2091000,104,46,11,30,432,0,0,95,85,6,0,3,47104
2111000,105,48,13,20,456,0,0,95,83,6,0,2,36864
2131000,106,48,13,10,419,0,0,95,81,6,0,0,40960
2151000,107,48,13,10,428,0,0,95,84,4,0,0,39936
2171000,108,47,14,10,420,0,0,95,82,6,0,5,44032
2191000,109,46,16,0,431,0,0,85,89,6,0,5,46080
2211000,110,47,14,0,416,0,0,81,81,6,0,0,29696
2231000,111,49,14,20,433,0,0,95,86,6,0,0,29696
2251000,112,49,14,20,454,0,0,95,81,6,0,2,72704
2271000,113,47,13,0,423,0,0,95,90,6,0,4,45056
2292000,114,46,12,10,438,0,0,95,84,1,0,6,99328
2312000,115,45,11,10,441,0,0,95,85,1,0,6,87040
2332000,116,47,13,20,458,0,0,95,88,1,0,6,90112
2352000,117,47,13,30,485,0,0,95,79,1,0,5,107520
2372000,118,51,12,10,442,0,0,95,90,1,0,5,87040
2392000,119,50,15,0,433,0,0,95,80,1,0,15,83968
2412000,120,47,16,10,446,0,0,82,82,1,0,0,75776
2432000,121,47,15,0,431,0,0,95,92,1,0,3,87040
2452000,122,49,16,10,468,0,0,95,86,1,0,1,93184
2472000,123,52,13,0,435,0,0,95,86,1,0,0,63488
2493000,124,46,12,10,439,0,0,95,90,1,0,0,76800
2513000,125,45,13,0,429,0,0,95,87,4,0,0,63488
2533000,126,46,10,10,452,0,0,95,91,1,0,1,90112
2553000,127,48,13,0,434,0,0,95,84,1,0,3,112640
2573000,128,46,14,-10,427,0,0,91,91,1,0,0,122880
2593000,129,48,14,0,423,0,0,95,85,1,0,2,121856
2613000,130,48,14,0,446,0,0,95,82,1,0,5,117760
2633000,131,49,12,-10,456,0,0,95,80,1,0,4,117760
2653000,132,48,12,0,451,0,0,95,82,1,0,4,102400
2673000,133,49,13,0,442,0,0,95,85,1,0,0,105472
2694000,134,49,15,0,439,0,0,95,83,1,0,2,100352
2714000,135,48,13,10,418,0,0,95,87,1,0,5,79872
2734000,136,49,13,10,441,0,0,95,80,1,0,5,77824
2754000,137,49,13,10,445,101,0,95,80,6,0,4,87040
2774000,138,62,9,-30,444,0,0,95,91,1,0,3,72704
2794000,139,48,10,-30,431,0,0,95,91,1,0,4,71680
2814000,140,48,13,-40,426,0,0,95,91,1,0,4,70656
2834000,141,48,14,-30,430,0,0,95,89,1,0,0,75776
2854000,142,48,12,-40,444,0,0,95,90,1,0,1,72704
2874000,143,49,12,-30,435,0,0,95,80,1,0,4,57344
2895000,144,49,11,-40,429,0,0,95,91,1,0,6,67584
2915000,145,50,11,-40,458,0,0,95,91,1,0,2,64512
2935000,146,49,12,-40,439,0,0,95,83,1,0,0,62464
2955000,147,49,12,-40,442,0,0,95,92,1,0,2,68608
2975000,148,48,11,-40,457,0,0,95,91,1,0,2,67584
2995000,149,49,13,-40,451,0,0,95,91,1,0,0,53248
3015000,150,50,13,-40,445,0,0,95,92,1,0,0,73728
3035000,151,48,11,-40,433,0,0,95,91,1,0,7,53248
3055000,152,48,13,-40,456,0,0,95,91,1,0,3,53248
3075000,153,48,12,-40,451,0,0,95,92,1,0,2,61440
3096000,154,51,14,-40,446,0,0,95,84,1,0,10,71680
3116000,155,50,14,-40,439,0,0,95,90,1,0,10,59392
3136000,156,49,15,-40,455,0,0,95,91,1,0,1,61440
3156000,157,50,13,-40,463,0,0,95,91,1,0,0,60416
3176000,158,51,13,-50,441,0,0,95,92,1,0,0,58368
3196000,159,52,13,-40,453,0,0,95,92,1,0,2,54272
3216000,160,51,14,-50,457,0,0,95,85,1,0,2,63488
3236000,161,51,12,-40,463,0,0,95,91,1,0,8,71680
3256000,162,51,13,-50,455,0,0,95,92,1,0,4,70656
3276000,163,52,13,-50,453,0,0,95,93,1,0,1,50176
3297000,164,52,12,-40,458,0,0,95,92,1,0,4,58368
3317000,165,51,11,-50,453,0,0,95,86,1,0,16,60416
3337000,166,51,12,-40,446,0,0,95,92,1,0,2,64512
3357000,167,52,15,-50,454,0,0,95,92,1,0,0,65536
3377000,168,52,13,-40,462,0,0,95,91,1,0,1,70656
3397000,169,51,15,-50,462,0,0,95,92,1,0,5,53248
3417000,170,52,12,-50,453,0,0,95,92,1,0,4,51200
3437000,171,52,12,-50,432,0,0,95,92,1,0,0,57344
3457000,172,52,11,-50,477,0,0,95,91,1,0,20,67584
3477000,173,52,12,-50,460,0,0,95,91,1,0,20,67584
3498000,174,53,14,-50,447,0,0,95,92,1,0,0,65536
3518000,175,52,12,-50,445,0,0,95,92,1,0,9,58368
3538000,176,51,12,-50,462,0,0,95,92,1,0,18,56320
3558000,177,53,14,-40,450,0,0,95,92,1,0,16,74752
3578000,178,52,15,-50,467,0,0,95,91,1,0,2,72704
3598000,179,53,14,-50,441,0,0,95,91,1,0,2,62464
3618000,180,52,13,-40,447,0,0,95,92,1,0,5,60416
3638000,181,52,13,-50,469,0,0,95,92,1,0,1,59392
3658000,182,52,12,-40,463,0,0,95,90,1,0,2,61440
3678000,183,52,11,-50,453,0,0,95,91,1,0,2,65536
3699000,184,54,14,-50,462,0,0,95,91,1,0,1,60416
3719000,185,52,12,-40,466,0,0,95,91,1,0,5,47104
3739000,186,52,11,-40,467,0,0,95,92,1,0,16,49152
3759000,187,51,12,-50,458,0,0,95,87,1,0,16,69632
3779000,188,52,12,-50,478,0,0,95,92,1,0,21,58368
3799000,189,52,15,-50,474,0,0,95,92,1,0,6,56320
3819000,190,52,12,-50,453,0,0,95,92,1,0,1,57344
3839000,191,52,11,-60,469,0,0,95,91,1,0,0,51200
3859000,192,53,11,-50,463,0,0,95,92,1,0,0,54272
3879000,193,51,11,-50,459,0,0,95,90,1,0,1,46080
3900000,194,53,11,-50,453,0,0,95,91,1,0,7,55296
3920000,195,55,14,-50,450,0,0,95,87,1,0,4,53248
3940000,196,53,14,-50,445,0,0,95,92,1,0,4,57344
3960000,197,52,12,-40,469,0,0,95,86,1,0,17,66560
3980000,198,52,11,-50,466,0,0,95,92,1,0,18,47104
4000000,199,52,13,-50,471,0,0,95,91,1,0,5,57344
4020000,200,52,13,-50,451,0,0,95,91,1,0,5,46080
4040000,201,52,13,-50,466,0,0,95,92,1,0,4,55296
4060000,202,52,12,-40,462,0,0,95,91,1,0,19,58368
4080000,203,52,12,-50,467,0,0,95,91,1,0,20,52224
4101000,204,52,13,-50,462,0,0,95,90,1,0,5,51200
4121000,205,53,13,-50,469,0,0,95,92,1,0,5,59392
4141000,206,52,14,-50,464,0,0,95,92,1,0,5,48128
4161000,207,52,14,-50,458,0,0,95,92,1,0,1,57344
4181000,208,52,12,-50,466,0,0,95,92,1,0,1,77824
4201000,209,53,12,-50,467,0,0,95,91,1,0,5,50176
4221000,210,52,12,-50,470,0,0,95,92,1,0,4,57344
4241000,211,52,12,-40,473,0,0,95,89,1,0,17,71680
4261000,212,64,11,-30,478,0,0,95,82,1,0,11,93184
4281000,213,51,12,-30,460,0,0,95,92,1,0,12,89088
4302000,214,51,13,-20,464,0,0,95,85,1,0,18,104448
4322000,215,51,14,-30,454,0,0,95,90,1,0,2,99328
4342000,216,51,13,-30,433,0,0,95,86,1,0,0,99328
4362000,217,51,12,-30,466,0,0,95,86,1,0,0,90112
4382000,218,51,13,-30,453,0,0,95,92,1,0,20,92160
4402000,219,52,12,-20,441,0,0,95,90,1,0,21,90112
4422000,220,51,14,-30,448,0,0,95,86,1,0,21,95232
4442000,221,52,12,-30,456,0,0,95,92,1,0,1,92160
4462000,222,52,16,-30,477,0,0,95,81,1,0,7,96256
4482000,223,54,14,-30,468,0,0,95,87,1,0,7,92160
4503000,224,51,12,-30,458,0,0,95,91,1,0,10,98304
4523000,225,51,9,-30,477,0,0,95,85,1,0,1,89088
4543000,226,51,11,-30,464,0,0,95,91,1,0,4,95232
4563000,227,51,12,-30,450,0,0,95,91,1,0,21,91136
4583000,228,52,11,-30,473,0,0,95,92,1,0,20,94208
4603000,229,52,12,-30,442,0,0,95,87,1,0,2,92160
4623000,230,51,12,-30,444,0,0,95,84,1,0,2,101376
4643000,231,58,12,-40,454,0,0,95,87,1,0,0,87040
4663000,232,52,12,-30,458,0,0,95,91,1,0,0,99328
4683000,233,51,13,-30,475,0,0,95,92,1,0,20,93184
4704000,234,52,13,-30,469,0,0,95,91,1,0,20,100352
4724000,235,52,12,-30,438,0,0,95,86,1,0,5,98304
4744000,236,53,11,-30,443,0,0,95,83,1,0,0,93184
4764000,237,52,11,-30,442,0,0,95,92,1,0,0,101376
4784000,238,51,13,-30,469,0,0,95,91,1,0,5,93184
4804000,239,51,12,-30,457,0,0,95,87,1,0,19,101376
4824000,240,52,14,-40,446,0,0,95,92,1,0,18,96256
4844000,241,52,12,-30,447,0,0,95,91,1,0,0,84992
4864000,242,51,14,-30,450,0,0,95,87,1,0,0,114688
4884000,243,52,13,-30,456,0,0,95,91,1,0,18,87040
4905000,244,54,14,0,496,80,90,95,75,1,0,20,112640
4925000,245,68,13,20,439,0,0,95,86,6,0,20,106496
4945000,246,49,12,30,435,0,0,95,91,1,0,16,101376
4965000,247,51,14,20,448,0,0,95,89,1,0,12,103424
4985000,248,50,12,20,429,0,0,95,91,6,0,9,94208
5005000,249,50,11,30,436,0,0,95,91,1,0,11,94208
5025000,250,51,11,30,457,0,0,95,88,1,0,17,81920
5045000,251,50,14,10,435,0,0,95,89,6,0,14,82944
5065000,252,51,13,20,429,0,0,95,91,1,0,1,97280
5085000,253,50,12,20,444,0,0,95,91,1,0,19,87040
5106000,254,50,11,20,442,0,0,95,85,1,0,20,81920
5126000,255,51,13,20,451,0,0,95,92,1,0,19,92160
5146000,256,53,13,10,461,0,0,95,86,1,0,13,82944
5166000,257,51,12,10,436,0,0,95,91,1,0,13,92160
5186000,258,51,11,10,438,0,0,95,92,1,0,21,82944
5206000,259,54,11,10,457,0,0,95,86,1,0,23,76800
5226000,260,52,10,10,446,0,0,95,90,1,0,24,93184
5246000,261,57,11,10,460,0,0,95,85,6,0,24,81920
5266000,262,57,13,0,456,0,0,95,81,6,0,3,87040
5286000,263,56,13,0,444,0,0,95,92,6,0,0,72704
5307000,264,58,12,10,445,0,0,95,91,1,0,8,88064
5327000,265,52,12,0,444,0,0,95,91,1,0,16,87040
5347000,266,55,14,0,456,0,0,95,91,1,0,29,84992
5367000,267,54,12,10,440,0,0,95,92,1,0,30,76800
5387000,268,54,13,0,460,0,0,95,90,1,0,10,77824
5407000,269,58,14,0,458,0,0,95,87,1,0,0,76800
5427000,270,56,17,0,461,0,0,95,86,1,0,4,88064
5447000,271,54,14,0,453,0,0,95,91,1,0,10,71680
5467000,272,54,13,0,438,0,0,95,86,1,0,9,72704
5487000,273,54,12,0,460,0,0,95,87,1,0,26,78848
5508000,274,57,11,10,438,0,0,95,85,1,0,22,40960
5528000,275,52,12,0,436,0,0,95,92,1,0,20,36864
5548000,276,52,11,10,445,0,0,95,90,1,0,22,36864
5568000,277,53,12,10,446,0,0,95,90,1,0,24,41984
5588000,278,53,13,10,459,0,0,95,82,1,0,7,37888
5608000,279,52,12,0,436,0,0,95,87,1,0,2,25600
5628000,280,53,11,0,453,0,0,95,90,1,0,7,59392
5648000,281,58,12,20,476,0,0,95,92,1,0,18,109568
5668000,282,56,11,10,454,0,0,95,91,1,0,7,103424
5688000,283,54,12,10,436,0,0,95,92,1,0,8,83968
5709000,284,52,11,20,442,0,0,95,92,1,0,23,88064
5729000,285,52,11,20,442,0,0,95,91,1,0,21,98304
5749000,286,53,12,10,463,0,0,95,91,1,0,19,89088
5769000,287,51,12,20,442,0,0,95,93,1,0,6,99328
5789000,288,53,12,10,433,0,0,95,92,1,0,7,91136
5809000,289,52,14,10,450,0,0,95,91,1,0,22,81920
5829000,290,52,12,20,471,0,0,95,92,1,0,20,83968
5849000,291,51,12,10,464,0,0,95,90,1,0,22,82944
5869000,292,54,11,30,448,0,0,95,92,1,0,24,98304
5889000,293,53,14,20,466,0,0,95,83,1,0,6,98304
5910000,294,52,12,10,443,0,0,95,88,6,0,0,96256
5930000,295,52,11,20,454,0,0,95,91,6,0,2,99328
5950000,296,55,11,20,449,0,0,95,92,1,0,10,87040
5970000,297,53,11,20,447,0,0,95,92,1,0,11,94208
5990000,298,52,11,20,439,0,0,95,91,1,0,26,87040
6010000,299,53,10,20,447,0,0,95,91,1,0,12,87040
6030000,300,53,11,0,458,0,0,95,93,1,0,12,97280
6050000,301,58,13,10,468,0,0,95,90,1,0,11,81920
6070000,302,55,13,10,446,0,0,95,88,1,0,6,93184
6090000,303,55,11,10,438,0,0,95,91,1,0,4,82944
6111000,304,53,11,10,444,0,0,95,92,1,0,23,78848
6131000,305,54,11,10,449,0,0,95,91,1,0,33,75776
6151000,306,56,12,20,475,0,0,95,89,1,0,8,87040
6171000,307,58,12,0,454,0,0,95,87,1,0,3,41984
6191000,308,52,12,0,454,0,0,95,91,1,0,3,24576
6211000,309,51,15,0,436,0,0,95,90,1,0,22,30720
6231000,310,54,13,10,449,0,0,95,87,1,0,20,30720
6251000,311,55,12,0,445,36,12,95,87,1,0,18,77824
6271000,312,66,14,60,490,0,0,95,92,1,0,15,75776
6291000,313,51,14,60,429,0,0,95,93,1,0,10,76800
6312000,314,51,15,60,435,0,0,95,90,1,0,11,71680
6332000,315,56,16,50,440,0,0,95,87,6,0,2,62464
6352000,316,52,13,60,421,0,0,95,92,6,0,1,58368
6372000,317,51,13,60,429,0,0,95,86,1,0,16,77824
6392000,318,52,14,60,430,0,0,95,92,1,0,20,68608
6412000,319,54,12,60,445,0,0,95,92,1,0,5,69632
6432000,320,53,11,70,438,0,0,95,92,1,0,8,76800
6452000,321,53,12,60,430,0,0,95,91,1,0,8,63488
6472000,322,53,14,60,435,0,0,95,87,1,0,17,59392
6492000,323,51,12,70,444,0,0,95,92,1,0,17,62464
6513000,324,52,12,60,439,0,0,95,92,1,0,18,64512
6533000,325,55,16,60,452,0,0,95,86,1,0,19,70656
6553000,326,55,13,60,442,0,0,95,92,6,0,0,56320
6573000,327,58,14,50,449,0,0,95,92,1,0,6,44032
6593000,328,56,14,60,434,0,0,95,91,1,0,9,33792
6613000,329,55,13,60,427,0,0,95,86,1,0,10,32768
6633000,330,52,13,60,433,0,0,95,89,1,0,12,46080
6653000,331,54,10,50,436,0,0,95,85,1,0,8,35840
6673000,332,52,11,60,426,0,0,95,87,1,0,7,38912
6693000,333,51,11,70,423,0,0,95,86,1,0,16,36864
6714000,334,52,12,60,439,0,0,95,92,1,0,17,31744
6734000,335,53,12,50,444,0,0,95,88,1,0,0,48128
6754000,336,53,8,60,421,0,0,95,90,1,0,0,46080
6774000,337,51,11,60,438,0,0,95,92,1,0,6,45056
6794000,338,53,11,60,446,0,0,95,92,1,0,20,52224
6814000,339,60,9,60,448,0,0,95,89,1,0,20,70656
6834000,340,54,10,50,436,0,0,95,91,1,0,4,69632
6854000,341,53,9,60,436,0,0,95,91,1,0,0,66560
6874000,342,52,11,60,432,0,0,95,92,1,0,2,81920
6894000,343,55,13,50,447,0,0,95,90,1,0,7,59392
6915000,344,52,13,60,433,0,0,95,93,1,0,9,55296
6935000,345,51,12,60,432,0,0,95,92,1,0,15,50176
6955000,346,52,11,60,429,0,0,95,92,1,0,18,57344
6975000,347,51,11,60,430,0,0,95,86,1,0,16,58368
6995000,348,51,11,60,441,0,0,95,92,1,0,16,64512
7015000,349,53,9,60,436,0,0,95,90,1,0,2,55296
7035000,350,52,11,50,439,0,0,95,91,1,0,2,62464
7055000,351,51,13,60,435,0,0,95,90,1,0,16,78848
7075000,352,68,14,0,501,0,0,95,83,1,0,15,131072
7095000,353,55,13,0,432,0,0,95,89,1,0,5,123904
7116000,354,50,13,0,423,0,0,95,89,1,0,2,114688
7136000,355,50,16,30,467,0,0,95,85,1,0,5,116736
7156000,356,59,13,20,428,0,0,95,87,1,0,10,120832
7176000,357,50,14,20,435,0,0,95,86,1,0,4,126976
7196000,358,49,13,20,425,0,0,95,91,1,0,7,116736
7216000,359,49,14,10,441,0,0,95,84,1,0,3,108544
7236000,360,52,14,20,460,0,0,95,83,1,0,3,101376
7256000,361,49,14,30,435,0,0,95,84,1,0,0,95232
7276000,362,53,15,20,438,0,0,95,83,1,0,0,94208
7296000,363,50,14,30,422,0,0,95,91,1,0,7,93184
7317000,364,50,12,10,453,0,0,95,86,1,0,19,97280
7337000,365,54,12,10,441,0,0,95,87,1,0,18,104448
7357000,366,52,13,20,427,0,0,95,87,1,0,4,109568
7377000,367,50,13,10,431,0,0,95,87,1,0,4,93184
7397000,368,49,13,10,426,0,0,95,86,1,0,8,94208
7417000,369,50,13,20,430,0,0,95,87,1,0,4,98304
7437000,370,52,14,30,461,0,0,95,85,1,0,9,92160
7457000,371,51,12,20,432,0,0,95,90,1,0,10,88064
7477000,372,50,12,10,430,0,0,95,87,1,0,17,94208
7497000,373,49,13,20,439,0,0,95,83,1,0,17,80896
7518000,374,50,12,20,433,0,0,95,88,1,0,0,100352
7538000,375,51,11,20,433,0,0,95,85,1,0,15,103424
7558000,376,50,11,20,435,0,0,95,89,1,0,17,88064
7578000,377,52,11,10,432,0,0,95,87,1,0,7,93184
7598000,378,50,11,10,444,0,0,95,88,1,0,7,97280
7618000,379,50,11,20,437,0,0,95,90,1,0,18,84992
7638000,380,50,11,10,438,0,0,95,89,1,0,19,97280
7658000,381,51,12,10,455,0,0,95,84,1,0,19,78848
7678000,382,50,12,10,436,0,0,95,82,1,0,4,92160
7698000,383,50,12,10,441,0,0,95,90,1,0,0,75776
7719000,384,51,11,20,441,0,0,95,89,1,0,4,86016
7739000,385,51,11,10,438,0,0,95,89,1,0,17,87040
7759000,386,50,12,20,433,0,0,95,89,1,0,18,89088
7779000,387,53,12,10,501,0,0,95,80,1,0,7,95232
7799000,388,61,12,-10,448,0,0,95,86,1,0,0,65536
7819000,389,53,14,-10,449,0,0,95,81,1,0,0,71680
7839000,390,50,12,-10,450,0,0,95,90,1,0,0,80896
7859000,391,49,11,-10,429,0,0,95,81,1,0,0,80896
7879000,392,49,12,-20,439,0,0,95,89,1,0,1,71680
7899000,393,50,11,-10,441,0,0,95,89,1,0,17,83968
7920000,394,49,12,-10,440,0,0,95,85,1,0,0,82944
7940000,395,49,12,-30,441,0,0,95,82,1,0,0,82944
7960000,396,49,12,-20,447,0,0,95,92,1,0,0,89088
7980000,397,50,15,-10,438,0,0,95,91,1,0,15,78848
8000000,398,50,13,-20,444,0,0,95,86,1,0,5,76800
8020000,399,50,13,-10,451,0,0,95,91,1,0,5,82944
8040000,400,50,15,-10,496,0,0,95,80,1,0,7,83968
8060000,401,50,13,-10,446,0,0,95,92,1,0,0,69632
8080000,402,52,13,-10,455,0,0,95,85,1,0,0,126976
8100000,403,49,12,-10,436,0,0,95,91,1,0,1,121856
8121000,404,49,11,-10,432,0,0,95,91,1,0,3,136192
8141000,405,49,12,-20,457,0,0,95,90,1,0,16,132096
8161000,406,51,12,-20,443,0,0,95,83,1,0,18,141312
8181000,407,49,12,-20,442,0,0,95,91,1,0,0,130048
8201000,408,49,12,-20,436,0,0,95,81,1,0,0,130048
8221000,409,49,13,-20,448,0,0,95,88,1,0,3,132096
8241000,410,49,12,-10,449,0,0,95,86,1,0,3,136192
8261000,411,50,15,-20,449,0,0,95,88,1,0,8,126976
8281000,412,50,14,-20,447,0,0,95,85,1,0,0,149504
8301000,413,49,15,-30,423,0,0,95,84,1,0,0,141312
8322000,414,49,15,-20,448,0,0,95,91,1,0,1,130048
8342000,415,49,13,-30,458,0,0,95,91,1,0,16,135168
8362000,416,50,12,-10,438,0,0,95,91,1,0,16,133120
8382000,417,49,14,-20,436,0,0,95,83,1,0,5,135168
8402000,418,49,15,-20,446,0,0,95,88,1,0,0,126976
8422000,419,49,13,-20,426,0,0,95,91,1,0,0,132096
8442000,420,50,12,-20,450,0,0,95,91,1,0,3,143360
8462000,421,48,12,-20,428,0,0,95,92,1,0,15,137216
8482000,422,49,14,-20,440,0,0,95,91,1,0,5,129024
8502000,423,50,14,-30,439,0,0,95,86,1,0,5,118784
8523000,424,49,13,-20,425,0,0,95,92,1,0,0,128000
8543000,425,48,12,-20,422,0,0,95,86,1,0,12,129024
8563000,426,49,12,-20,444,0,0,95,89,1,0,15,125952
8583000,427,50,14,-20,427,0,0,95,86,1,0,0,134144
8603000,428,49,13,-20,453,0,0,95,92,1,0,0,120832
8623000,429,49,13,-10,446,0,0,95,91,1,0,7,117760
8643000,430,49,14,-20,444,0,0,95,88,1,0,13,124928
8663000,431,48,14,-20,456,0,0,95,85,1,0,7,122880
8683000,432,50,13,-10,465,0,0,95,83,1,0,0,119808
8703000,433,49,11,-10,431,0,0,95,83,1,0,0,133120
8724000,434,49,12,-20,442,0,0,95,80,1,0,0,126976
8744000,435,49,14,-30,454,0,0,95,86,1,0,0,120832
8764000,436,49,13,-30,447,0,0,95,91,1,0,5,124928
8784000,437,49,13,-20,436,0,0,95,91,1,0,14,137216
8804000,438,49,13,-30,436,0,0,95,88,1,0,10,133120
8824000,439,49,13,-10,436,0,0,95,88,1,0,10,116736
8844000,440,51,13,-20,443,0,0,95,85,1,0,3,118784
8864000,441,49,13,-20,454,0,0,95,84,1,0,1,119808
8884000,442,49,9,-20,446,0,0,95,86,1,0,2,111616
8904000,443,50,10,-10,444,0,0,95,87,1,0,5,119808
8925000,444,51,11,-20,431,0,0,95,87,1,0,0,132096
8945000,445,48,11,-20,454,0,0,95,90,1,0,1,121856
8965000,446,48,11,-20,433,0,0,95,88,1,0,15,133120
8985000,447,49,13,-20,436,0,0,95,88,1,0,2,123904
9005000,448,48,13,-20,450,0,0,95,88,1,0,0,118784
9025000,449,49,15,-20,489,0,0,95,82,1,0,0,120832
9045000,450,49,13,-20,433,0,0,95,90,1,0,0,121856
9065000,451,49,12,-10,447,0,0,95,90,1,0,0,131072
9085000,452,49,14,-20,460,0,0,95,84,1,0,1,125952
9105000,453,49,12,-20,445,0,0,95,80,1,0,0,133120
9126000,454,49,11,-10,436,0,0,95,88,1,0,0,134144
9146000,455,48,13,-10,431,0,0,95,83,1,0,0,126976
9166000,456,49,13,-10,434,0,0,95,91,1,0,0,116736
9186000,457,48,13,0,428,0,0,95,83,1,0,2,125952
9206000,458,49,14,-20,431,0,0,95,84,1,0,0,136192
9226000,459,49,15,-20,423,0,0,95,88,1,0,0,133120
9246000,460,50,16,-10,453,0,0,95,81,1,0,0,120832
9266000,461,50,13,-30,431,0,0,95,88,1,0,0,120832
9286000,462,50,14,-20,425,0,0,95,92,1,0,0,114688
9306000,463,49,13,-20,433,0,0,95,90,1,0,14,113664
9327000,464,49,13,-20,460,0,0,95,82,1,0,14,132096
9347000,465,49,13,-20,445,0,0,95,85,1,0,1,117760
9367000,466,53,14,-20,461,0,0,95,83,1,0,0,111616
9387000,467,49,12,-20,434,0,0,95,92,1,0,1,130048
9407000,468,49,12,-10,446,0,0,95,91,1,0,16,122880
9427000,469,50,15,-20,491,0,0,95,81,1,0,16,128000
9447000,470,49,14,-20,451,0,0,95,85,1,0,11,117760
9467000,471,49,13,-20,428,0,0,95,92,1,0,2,119808
9487000,472,48,12,-20,452,0,0,95,91,1,0,13,122880
9507000,473,49,14,0,436,0,0,95,87,1,0,14,111616
9528000,474,49,14,-20,438,0,0,95,85,1,0,0,129024
9548000,475,49,15,-40,439,0,0,95,91,1,0,0,121856
9568000,476,49,14,-20,426,0,0,95,85,1,0,0,136192
9588000,477,49,13,-20,442,0,0,95,91,1,0,14,130048
9608000,478,50,10,-30,459,0,0,95,85,1,0,3,121856
9628000,479,50,10,-30,438,0,0,95,87,1,0,0,129024
9648000,480,49,11,-20,446,0,0,95,92,1,0,0,120832
9668000,481,48,12,-10,447,0,0,95,91,1,0,14,117760
9688000,482,48,14,-20,436,0,0,95,85,1,0,11,136192
9708000,483,50,15,-10,468,0,0,95,83,1,0,11,133120
9729000,484,53,13,-20,467,0,0,95,92,1,0,5,120832
9749000,485,52,12,-20,450,0,0,95,86,1,0,18,133120
9769000,486,50,12,-30,433,0,0,95,90,1,0,17,125952
9789000,487,49,11,-20,438,0,0,95,88,1,0,17,139264
9809000,488,48,13,-20,438,0,0,95,85,1,0,0,145408
9829000,489,50,14,-30,420,0,0,95,83,1,0,0,121856
9849000,490,49,14,-20,438,0,0,95,88,1,0,0,122880
9869000,491,48,12,-20,437,0,0,95,86,1,0,1,109568
9889000,492,49,14,-20,438,0,0,95,84,1,0,15,119808
9909000,493,50,14,-10,434,0,0,95,86,1,0,0,135168
9930000,494,50,12,-20,430,0,0,95,91,1,0,0,126976
9950000,495,48,14,-30,438,0,0,95,85,1,0,0,131072
9970000,496,49,14,-30,438,0,0,95,91,1,0,0,122880
9990000,497,50,13,-30,442,0,0,95,83,1,0,0,119808
10010000,498,49,14,-40,425,0,0,95,85,1,0,5,130048
10030000,499,48,12,-30,423,0,0,95,91,1,0,0,124928
10050000,500,49,12,-10,466,0,0,95,83,1,0,13,132096
10070000,501,64,12,0,503,0,0,95,81,1,0,20,103424
10090000,502,53,12,20,441,0,0,95,81,1,0,17,132096
10110000,503,55,13,10,473,0,0,95,82,6,0,3,126976
10131000,504,45,12,0,417,0,0,95,91,1,0,0,117760
10151000,505,49,13,10,465,0,0,95,85,1,0,3,107520
10171000,506,47,11,0,430,0,0,95,92,1,0,2,117760
10191000,507,47,11,10,436,0,0,95,89,1,0,3,111616
10211000,508,47,14,10,439,0,0,95,86,1,0,3,119808
10231000,509,48,14,0,443,0,0,95,86,6,0,0,102400
10251000,510,48,13,0,446,0,0,95,86,6,0,0,97280
10271000,511,47,12,0,455,0,0,95,87,6,0,2,87040
10291000,512,50,12,10,448,0,0,95,85,6,0,1,98304
10311000,513,61,12,0,431,0,0,95,83,6,0,1,57344
10332000,514,48,11,0,429,0,0,95,88,6,0,4,70656
10352000,515,52,15,10,476,0,0,95,85,1,0,4,60416
10372000,516,48,12,0,428,0,0,95,90,6,0,0,54272
10392000,517,51,14,0,477,0,0,95,81,6,0,0,78848
10412000,518,54,12,10,419,0,0,95,91,6,0,0,48128
10432000,519,47,13,0,434,0,0,95,91,1,0,6,54272
10452000,520,48,12,0,438,0,0,95,88,1,0,13,51200
10472000,521,49,12,0,441,0,0,95,86,1,0,0,47104
10492000,522,49,11,0,441,0,0,95,84,6,0,0,57344
10512000,523,49,12,0,440,0,0,95,86,6,0,0,59392
10533000,524,51,13,0,441,0,0,95,89,1,0,3,68608
10553000,525,52,13,0,453,0,0,95,86,6,0,2,63488
10573000,526,54,11,0,440,0,0,95,84,6,0,0,67584
10593000,527,55,12,-10,457,0,0,95,87,1,0,0,86016
10613000,528,53,12,0,459,0,0,95,91,1,0,0,75776
10633000,529,55,14,-10,466,0,0,95,88,1,0,10,58368
10653000,530,53,14,-10,451,0,0,95,92,1,0,9,84992
10673000,531,56,13,0,455,0,0,95,89,1,0,12,103424
10693000,532,53,13,0,447,0,0,95,86,1,0,4,90112
10713000,533,52,12,0,445,0,0,95,92,1,0,6,97280
10734000,534,52,12,0,445,0,0,95,92,1,0,6,84992
10754000,535,53,10,-10,462,0,0,95,85,1,0,3,91136
10774000,536,55,10,-10,452,0,0,95,89,1,0,0,92160
10794000,537,55,11,0,456,0,0,95,89,1,0,0,89088
10814000,538,54,12,-10,458,0,0,95,85,1,0,9,81920
10834000,539,52,14,-10,459,0,0,95,90,1,0,10,110592
10854000,540,52,13,0,447,0,0,95,92,1,0,2,86016
10874000,541,52,12,0,448,0,0,95,92,1,0,24,84992
10894000,542,53,12,0,455,0,0,95,91,1,0,24,102400
10914000,543,52,11,0,453,0,0,95,91,1,0,24,87040
10935000,544,52,12,-10,448,0,0,95,87,1,0,25,91136
10955000,545,53,12,0,452,0,0,95,92,1,0,27,88064
10975000,546,54,10,0,468,0,0,95,87,1,0,29,82944
10995000,547,56,11,0,449,0,0,95,87,1,0,1,90112
11015000,548,56,11,0,454,0,0,95,84,1,0,0,92160
11035000,549,54,11,0,448,0,0,95,92,1,0,8,87040
11055000,550,53,14,0,442,0,0,95,89,1,0,24,92160
11075000,551,52,13,0,441,0,0,95,87,1,0,6,88064
11095000,552,54,12,0,443,0,0,95,89,1,0,1,88064
11115000,553,52,15,0,450,0,0,95,88,1,0,7,89088
11136000,554,51,13,0,442,0,0,95,91,1,0,8,86016
11156000,555,50,12,0,430,0,0,95,92,1,0,8,89088
11176000,556,49,12,0,425,0,0,95,90,1,0,21,84992
11196000,557,49,11,0,442,0,0,95,91,1,0,18,98304
11216000,558,51,11,0,450,0,0,95,92,1,0,20,86016
11236000,559,51,11,-10,441,0,0,95,91,1,0,21,87040
11256000,560,50,10,0,438,0,0,95,91,1,0,5,83968
11276000,561,51,11,0,450,0,0,95,91,1,0,5,82944
11296000,562,52,13,0,481,0,0,95,85,1,0,9,88064
11316000,563,50,12,0,436,0,0,95,92,1,0,3,91136
11337000,564,49,11,0,438,0,0,95,91,1,0,6,92160
11357000,565,51,14,0,453,0,0,95,88,1,0,19,81920
11377000,566,53,15,-10,451,0,0,95,82,1,0,1,89088
11397000,567,52,13,0,438,0,0,95,89,1,0,0,91136
11417000,568,52,13,0,440,0,0,95,88,1,0,0,89088
11437000,569,52,13,-10,454,0,0,95,80,1,0,0,93184
11457000,570,49,12,0,438,0,0,95,92,1,0,12,82944
11477000,571,51,11,0,436,0,0,95,85,1,0,15,73728
11497000,572,51,11,0,457,0,0,95,92,1,0,22,87040
11517000,573,50,12,0,454,0,0,95,92,1,0,20,82944
11538000,574,58,13,0,477,0,0,95,90,1,0,13,92160
11558000,575,64,14,0,498,0,0,95,88,1,0,16,88064
11578000,576,66,18,0,491,32,160,95,75,1,0,51,89088
11598000,577,62,15,10,441,0,0,95,80,1,0,16,32768
11618000,578,54,13,0,440,0,0,95,89,1,0,13,49152
11638000,579,55,13,0,465,0,0,95,81,1,0,9,38912
11658000,580,50,12,0,452,0,0,95,85,1,0,7,57344
11678000,581,53,15,0,438,0,0,95,87,1,0,0,55296
11698000,582,54,15,0,464,0,0,95,83,6,0,0,55296
11718000,583,53,16,0,442,0,0,95,90,6,0,0,67584
11739000,584,56,16,0,435,0,0,95,90,1,0,6,56320
11759000,585,52,13,0,443,0,0,95,92,1,0,20,64512
11779000,586,52,12,0,462,0,0,95,92,1,0,19,56320
11799000,587,50,12,0,428,0,0,95,91,1,0,20,74752
11819000,588,51,11,0,468,0,0,95,91,1,0,21,58368
11839000,589,52,14,0,456,0,0,95,90,1,0,9,54272
11859000,590,51,14,0,433,0,0,95,92,1,0,9,64512
11879000,591,51,13,0,458,0,0,95,91,1,0,17,55296
11899000,592,49,11,0,445,0,0,95,90,1,0,13,78848
11919000,593,50,12,0,441,0,0,95,87,1,0,4,66560
11940000,594,51,12,10,438,0,0,95,89,1,0,4,64512
11960000,595,49,11,0,436,0,0,95,91,1,0,14,59392
11980000,596,47,11,0,442,0,0,95,81,1,0,5,67584
12000000,597,54,12,0,465,0,0,95,81,1,0,5,98304
12020000,598,59,11,-20,468,0,0,95,84,1,0,5,49152
12040000,599,49,11,-20,430,0,0,95,86,1,0,1,50176
12060000,600,50,11,-20,432,0,0,95,86,1,0,1,35840
12080000,601,48,13,-20,430,0,0,95,83,1,0,4,40960
12100000,602,51,16,-20,451,0,0,95,89,1,0,0,38912
12120000,603,51,14,-20,443,0,0,95,83,1,0,1,49152
12141000,604,48,13,-20,442,0,0,95,80,1,0,0,46080
12161000,605,50,12,-20,437,0,0,95,91,1,0,0,44032
12181000,606,50,14,-20,450,0,0,95,84,1,0,6,32768
12201000,607,49,13,-20,439,0,0,95,91,1,0,2,41984
12221000,608,48,14,-20,431,0,0,95,87,1,0,6,49152
12241000,609,48,12,-20,442,0,0,95,87,1,0,13,43008
12261000,610,49,11,-20,444,0,0,95,86,1,0,11,39936
12281000,611,49,12,-20,437,0,0,95,90,1,0,1,52224
12301000,612,51,13,-20,450,0,0,95,84,1,0,13,79872
12321000,613,61,14,-10,478,0,0,95,90,1,0,10,48128
12342000,614,49,14,0,436,0,0,95,91,1,0,9,91136
12362000,615,47,14,0,478,0,0,95,83,1,0,9,126976
12382000,616,47,14,-20,433,0,0,95,85,1,0,9,121856
12402000,617,50,12,-10,430,0,0,95,85,4,0,1,138240
12422000,618,49,11,-10,426,0,0,95,91,1,0,1,137216
12442000,619,49,11,0,467,0,0,95,89,1,0,11,145408
12462000,620,49,10,0,441,0,0,95,91,1,0,15,146432
12482000,621,50,12,-10,447,133,10,95,88,1,0,19,120832
12502000,622,62,14,-20,473,0,0,95,83,1,0,20,121856
12522000,623,50,12,-20,442,0,0,95,82,1,0,5,106496
12543000,624,53,11,-20,444,0,0,95,84,1,0,0,100352
12563000,625,52,12,-10,438,0,0,95,92,1,0,3,120832
12583000,626,51,11,-20,429,0,0,95,92,1,0,18,112640
12603000,627,52,12,-10,446,0,0,95,88,1,0,15,118784
12623000,628,50,11,-10,422,0,0,95,88,1,0,0,99328
12643000,629,51,14,-20,468,0,0,95,83,1,0,0,107520
12663000,630,55,14,-20,454,0,0,95,81,1,0,1,105472
12683000,631,51,13,-20,448,0,0,95,86,1,0,7,110592
12703000,632,50,11,-20,439,0,0,95,90,1,0,15,109568
12723000,633,53,12,-10,470,0,0,95,83,1,0,7,100352
12744000,634,51,11,-20,430,0,0,95,92,1,0,3,104448
12764000,635,49,11,-10,446,0,0,95,90,1,0,6,107520
12784000,636,50,13,-20,438,0,0,95,90,1,0,14,104448
12804000,637,52,12,-20,453,0,0,95,91,1,0,0,109568
12824000,638,50,12,-20,429,0,0,95,91,1,0,0,106496
12844000,639,49,13,-20,433,0,0,95,86,1,0,13,104448
12864000,640,50,13,-20,432,0,0,95,86,1,0,2,101376
12884000,641,50,14,-20,427,0,0,95,82,1,0,0,105472
12904000,642,49,13,-20,424,0,0,95,91,1,0,2,89088
12924000,643,49,12,-10,428,0,0,95,92,1,0,12,104448
12945000,644,51,11,-20,448,0,0,95,85,1,0,2,106496
12965000,645,49,11,-20,443,0,0,95,85,1,0,0,100352
12985000,646,49,11,-20,439,0,0,95,92,1,0,0,120832
13005000,647,53,13,-20,441,0,0,95,83,1,0,2,105472
13025000,648,50,13,-10,451,0,0,95,92,1,0,2,101376
13045000,649,49,11,-20,462,0,0,95,91,1,0,5,112640
13065000,650,49,12,-20,430,0,0,95,86,1,0,14,101376
13085000,651,50,14,-20,436,0,0,95,92,1,0,14,118784
13105000,652,50,13,-20,446,0,0,95,91,1,0,0,124928
13125000,653,50,14,-10,442,0,0,95,85,1,0,0,113664
13146000,654,49,13,-20,439,0,0,95,86,1,0,11,103424
13166000,655,50,12,-20,439,0,0,95,85,1,0,3,108544
13186000,656,48,12,-20,455,0,0,95,88,6,0,3,107520
13206000,657,50,11,-10,452,0,0,95,81,1,0,10,129024
13226000,658,51,11,-10,434,0,0,95,82,1,0,1,120832
13246000,659,48,13,-30,447,0,0,95,90,6,0,0,110592
13266000,660,49,13,-20,433,0,0,95,91,1,0,0,103424
13286000,661,49,12,-10,426,0,0,95,92,1,0,15,109568
13306000,662,50,11,-20,446,0,0,95,90,1,0,13,105472
13326000,663,49,12,-30,423,0,0,95,82,1,0,7,111616
13347000,664,49,12,-20,465,0,0,95,87,1,0,2,123904
13367000,665,49,12,-20,449,0,0,95,90,1,0,4,113664
13387000,666,49,12,-20,427,0,0,95,85,1,0,7,104448
13407000,667,49,13,-20,443,0,0,95,86,1,0,0,104448
13427000,668,50,14,-20,460,0,0,95,90,6,0,0,102400
13447000,669,48,13,0,449,0,0,95,91,1,0,9,114688
13467000,670,47,14,-10,422,0,0,95,86,1,0,0,111616
13487000,671,49,13,0,435,0,0,95,90,6,0,0,119808
13507000,672,48,13,0,437,0,0,95,87,3,0,1,111616
13527000,673,50,12,0,425,0,0,95,86,3,0,1,106496
13548000,674,47,11,0,433,0,0,95,91,6,0,0,101376
13568000,675,49,11,0,448,0,0,95,88,3,0,6,105472
13588000,676,48,10,0,426,0,0,95,91,3,0,5,103424
13608000,677,46,14,0,467,0,0,95,81,6,0,5,108544
13628000,678,49,14,0,456,0,0,95,85,6,0,0,94208
13648000,679,47,12,0,414,0,0,95,90,6,0,0,107520
13668000,680,48,13,0,428,0,0,95,91,3,0,0,106496
13688000,681,47,12,0,426,0,0,95,92,6,0,0,98304
13708000,682,48,14,0,432,0,0,95,86,6,0,1,101376
13728000,683,48,14,-10,435,0,0,95,92,4,0,0,110592
13749000,684,47,14,-10,435,0,0,95,87,6,0,0,100352
13769000,685,48,14,0,432,0,0,95,91,6,0,5,95232
13789000,686,48,15,0,415,0,0,95,91,1,0,10,92160
13809000,687,47,14,0,438,0,0,95,91,3,0,10,103424
13829000,688,48,15,0,442,0,0,95,82,3,0,12,100352
13849000,689,48,14,0,431,0,0,95,84,6,0,4,90112
13869000,690,48,12,-10,436,0,0,95,87,6,0,4,104448
13889000,691,48,12,0,429,0,0,95,87,6,0,0,92160
13909000,692,48,13,0,431,0,0,95,89,6,0,0,102400
13929000,693,51,14,0,470,0,0,95,86,6,0,12,102400
13950000,694,47,13,0,431,0,0,95,89,6,0,12,91136
13970000,695,48,12,0,431,0,0,95,88,3,0,6,81920
13990000,696,48,12,0,446,0,0,95,85,6,0,0,84992
14010000,697,49,12,0,424,0,0,95,90,6,0,0,93184
14030000,698,48,11,0,428,0,0,95,91,1,0,2,78848
14050000,699,49,12,10,431,0,0,95,90,1,0,14,95232
14070000,700,48,13,0,436,0,0,95,83,1,0,3,91136
14090000,701,48,15,-10,436,0,0,95,86,6,0,0,70656
14110000,702,49,13,0,435,0,0,95,92,1,0,0,93184
14130000,703,48,12,0,428,0,0,95,89,1,0,13,81920
14151000,704,48,12,0,428,0,0,95,91,3,0,6,86016
14171000,705,48,11,0,433,0,0,95,91,6,0,7,91136
14191000,706,48,11,0,440,0,0,95,86,6,0,0,88064
14211000,707,48,12,0,431,0,0,95,92,6,0,0,94208
14231000,708,47,12,0,429,0,0,95,91,3,0,6,93184
14251000,709,47,11,0,431,0,0,95,87,3,0,5,87040
14271000,710,48,12,0,429,0,0,95,90,6,0,3,86016
14291000,711,48,12,0,421,0,0,95,91,3,0,8,78848
14311000,712,49,13,0,434,0,0,95,86,3,0,5,89088
14331000,713,48,12,0,449,0,0,95,84,6,0,2,96256
14352000,714,48,13,0,433,0,0,95,82,6,0,4,86016
14372000,715,47,13,0,415,0,0,95,91,6,0,0,103424
14392000,716,48,13,0,439,0,0,95,91,6,0,0,74752
14412000,717,50,13,0,451,0,0,95,91,3,0,7,86016
14432000,718,49,13,0,443,0,0,95,90,3,0,14,84992
14452000,719,47,11,0,431,0,0,95,87,3,0,7,79872
14472000,720,48,14,0,419,0,0,95,87,6,0,0,93184
14492000,721,47,12,0,428,0,0,95,92,6,0,1,74752
14512000,722,48,12,0,430,0,0,95,91,6,0,9,83968
14532000,723,47,12,0,423,0,0,95,91,3,0,4,82944
14553000,724,47,12,0,425,0,0,95,86,3,0,4,71680
14573000,725,49,11,0,427,0,0,95,91,6,0,0,82944
14593000,726,47,11,0,434,0,0,95,85,1,0,3,76800
14613000,727,49,11,0,444,0,0,95,92,1,0,1,84992
14633000,728,48,14,0,432,0,0,95,87,3,0,3,71680
14653000,729,47,13,0,449,0,0,95,81,6,0,6,78848
14673000,730,46,12,0,432,0,0,95,88,6,0,1,79872
14693000,731,48,12,0,425,0,0,95,91,6,0,2,64512
14713000,732,48,12,0,441,0,0,95,90,3,0,6,76800
14733000,733,48,11,0,448,0,0,95,87,3,0,7,83968
14754000,734,49,12,0,445,0,0,95,87,6,0,0,81920
14774000,735,74,12,0,511,0,0,95,87,1,0,22,107520
14794000,736,59,11,10,422,0,0,95,87,1,0,22,90112
14814000,737,47,12,0,474,0,0,95,87,6,0,2,98304
14834000,738,56,11,0,439,0,0,95,82,1,0,1,97280
14854000,739,47,11,10,414,0,0,95,83,1,0,0,99328
14874000,740,49,13,30,420,0,0,95,89,6,0,0,61440
14894000,741,56,13,20,461,0,0,95,85,6,0,4,122880
14914000,742,48,12,10,427,0,0,95,91,6,0,6,125952
14934000,743,48,11,20,420,0,0,95,88,3,0,5,114688
14955000,744,50,14,10,434,0,0,95,85,6,0,5,111616
14975000,745,50,14,20,438,0,0,95,92,6,0,1,118784
14995000,746,49,13,30,425,0,0,95,91,1,0,5,105472
15015000,747,49,12,30,428,0,0,95,91,3,0,13,109568
15035000,748,49,11,20,420,0,0,95,92,3,0,5,111616
15055000,749,47,11,30,414,0,0,95,91,6,0,2,108544
15075000,750,49,13,20,443,0,0,95,88,3,0,7,106496
15095000,751,48,12,10,414,0,0,95,85,3,0,1,105472
15115000,752,48,14,20,420,0,0,95,89,6,0,0,92160
15135000,753,49,14,30,442,0,0,95,90,6,0,3,108544
15156000,754,63,15,0,481,0,0,95,86,6,0,8,97280
15176000,755,46,13,10,414,0,0,95,88,6,0,6,81920
15196000,756,53,13,0,420,0,0,95,80,3,0,0,73728
15216000,757,44,15,10,411,0,0,95,91,3,0,0,82944
15236000,758,47,15,0,416,0,0,95,83,6,0,0,72704
15256000,759,47,13,10,416,0,0,95,91,6,0,0,72704
15276000,760,48,12,0,418,0,0,95,87,6,0,5,64512
15296000,761,46,14,0,432,0,0,95,85,6,0,6,61440
15316000,762,47,13,0,418,0,0,95,88,3,0,5,61440
15336000,763,48,12,0,420,0,0,95,82,3,0,5,73728
15357000,764,48,12,0,420,0,0,95,90,6,0,0,54272
15377000,765,50,12,0,419,0,0,95,83,6,0,0,69632
15397000,766,47,9,10,417,0,0,95,86,6,0,0,66560
15417000,767,47,10,10,419,0,0,95,91,6,0,0,64512
15437000,768,48,12,10,424,0,0,95,85,3,0,2,71680
15457000,769,48,14,0,450,0,0,95,82,3,0,0,77824
15477000,770,50,13,0,417,0,0,95,83,6,0,0,115712
15497000,771,46,13,10,415,0,0,95,86,6,0,0,112640
15517000,772,48,11,10,455,0,0,95,91,6,0,0,139264
15537000,773,51,14,0,450,0,0,95,86,6,0,9,107520
15558000,774,49,13,10,421,0,0,95,82,6,0,3,122880
15578000,775,45,13,0,435,0,0,95,83,6,0,3,136192
15598000,776,47,13,0,458,0,0,95,83,6,0,0,123904
15618000,777,46,12,10,414,0,0,95,87,6,0,0,124928
15638000,778,47,12,10,423,0,0,95,91,6,0,3,123904
15658000,779,47,12,0,428,0,0,95,83,3,0,0,120832
15678000,780,47,12,0,439,0,0,95,83,4,0,0,143360
15698000,781,54,12,0,421,0,0,95,87,4,0,0,126976
15718000,782,48,11,0,426,0,0,95,89,1,0,0,128000
15738000,783,49,12,10,496,0,0,95,86,1,0,13,113664
15759000,784,67,13,10,484,0,0,95,86,1,0,10,88064
15779000,785,45,13,20,399,0,0,95,88,6,0,10,73728
15799000,786,44,12,10,433,0,0,95,86,3,0,0,81920
15819000,787,52,13,20,411,0,0,95,92,3,0,0,100352
15839000,788,47,14,20,402,0,0,95,88,6,0,0,111616
15859000,789,45,14,10,407,0,0,95,88,6,0,0,121856
15879000,790,49,10,30,438,0,0,95,85,6,0,0,128000
15899000,791,48,10,20,412,0,0,95,85,6,0,0,133120
15919000,792,49,10,20,433,0,0,95,89,3,0,1,129024
15939000,793,48,11,20,426,0,0,95,90,3,0,5,138240
15960000,794,47,13,10,421,0,0,95,90,6,0,1,121856
15980000,795,49,12,10,430,0,0,95,89,6,0,0,129024
16000000,796,48,11,10,412,0,0,95,89,6,0,1,116736
16020000,797,47,12,20,429,0,0,95,90,3,0,13,114688
16040000,798,48,11,20,420,0,0,95,86,6,0,2,137216
16060000,799,50,12,20,439,0,0,95,88,6,0,0,130048
16080000,800,48,11,10,411,0,0,95,91,6,0,0,108544
16100000,801,48,12,20,423,0,0,95,86,3,0,7,107520
16120000,802,47,13,20,423,0,0,95,89,3,0,11,125952
16140000,803,47,14,10,421,0,0,95,85,6,0,5,113664
16161000,804,49,13,10,425,0,0,95,90,6,0,0,119808
16181000,805,48,13,10,420,0,0,95,91,6,0,0,115712
16201000,806,47,13,10,410,0,0,95,87,3,0,0,106496
16221000,807,48,13,20,428,0,0,95,88,6,0,0,116736
16241000,808,47,12,10,417,0,0,95,88,6,0,0,110592
16261000,809,47,11,20,409,0,0,95,88,6,0,0,112640
16281000,810,47,11,20,419,0,0,95,91,3,0,4,109568
16301000,811,47,14,20,419,0,0,95,88,3,0,8,109568
16321000,812,46,12,10,418,0,0,95,88,6,0,6,106496
16341000,813,48,13,20,421,0,0,95,85,6,0,5,120832
16362000,814,48,11,10,421,0,0,95,90,6,0,0,104448
16382000,815,48,11,20,413,0,0,95,88,6,0,1,117760
16402000,816,48,11,10,422,0,0,95,91,6,0,3,110592
16422000,817,49,8,10,413,0,0,95,91,6,0,3,105472
16442000,818,49,9,20,446,0,0,95,86,3,0,8,102400
16462000,819,51,9,20,413,0,0,95,84,6,0,1,115712
16482000,820,48,11,10,421,0,0,95,91,6,0,0,104448
16502000,821,48,11,10,420,0,0,95,91,3,0,4,105472
16522000,822,47,12,0,420,0,0,95,82,6,0,0,126976
16542000,823,48,12,10,419,0,0,95,89,6,0,0,103424
16563000,824,49,12,20,435,0,0,95,83,6,0,0,101376
16583000,825,53,14,10,436,0,0,95,84,6,0,0,117760
16603000,826,52,13,10,420,0,0,95,84,6,0,0,103424
16623000,827,50,12,10,417,0,0,95,91,1,0,1,121856
16643000,828,50,12,0,443,0,0,95,92,3,0,20,104448
16663000,829,53,12,20,459,0,0,95,86,3,0,19,109568
16683000,830,57,12,10,439,0,0,95,86,6,0,18,103424
16703000,831,52,12,0,438,0,0,95,92,1,0,7,96256
16723000,832,53,12,20,422,0,0,95,90,1,0,5,105472
16743000,833,51,11,0,426,0,0,95,87,1,0,5,114688
16764000,834,50,12,0,422,0,0,95,89,6,0,1,112640
16784000,835,51,11,10,427,0,0,95,91,6,0,10,121856
16804000,836,51,14,10,495,0,0,95,80,1,0,10,94208
16824000,837,62,13,0,446,0,0,95,83,6,0,10,109568
16844000,838,53,12,0,435,0,0,95,86,6,0,2,106496
16864000,839,52,13,0,418,0,0,95,91,1,0,23,113664
16884000,840,53,12,0,443,0,0,95,88,1,0,1,104448
16904000,841,54,14,10,464,0,0,95,85,1,0,0,114688
16924000,842,72,14,-30,511,19,124,95,84,1,0,11,124928
16944000,843,56,12,-20,442,0,0,95,91,1,0,31,121856
16965000,844,52,13,-20,432,0,0,95,86,1,0,16,121856
16985000,845,55,14,-30,449,0,0,95,92,1,0,21,126976
17005000,846,53,13,-30,435,0,0,95,91,1,0,21,119808
17025000,847,52,14,-40,434,0,0,95,85,1,0,3,120832
17045000,848,55,17,-30,427,0,0,95,84,1,0,0,120832
17065000,849,53,14,-30,421,0,0,95,89,1,0,4,121856
17085000,850,51,14,-40,417,0,0,95,88,1,0,17,122880
17105000,851,52,13,-30,429,0,0,95,84,1,0,8,115712
17125000,852,52,14,-40,418,0,0,95,86,1,0,8,121856
17145000,853,51,16,-30,423,0,0,95,85,1,0,0,126976
17166000,854,51,16,-30,427,0,0,95,88,1,0,2,120832
17186000,855,52,13,-30,450,0,0,95,88,1,0,13,116736
17206000,856,50,13,-30,432,0,0,95,81,1,0,16,142336
17226000,857,52,14,-30,445,0,0,95,90,1,0,2,132096
17246000,858,51,13,-30,430,0,0,95,91,1,0,0,125952
17266000,859,49,9,-40,416,0,0,95,92,1,0,3,125952
17286000,860,50,11,-30,402,0,0,95,90,1,0,3,113664
17306000,861,47,11,-40,440,0,0,95,86,1,0,0,113664
17326000,862,50,13,-20,412,0,0,95,80,1,0,0,124928
17346000,863,53,15,-30,447,0,0,95,92,1,0,0,129024
17367000,864,56,15,-40,433,0,0,95,85,1,0,0,119808
17387000,865,52,15,-40,432,0,0,95,92,1,0,0,113664
17407000,866,51,13,-40,447,0,0,95,88,1,0,18,119808
17427000,867,53,12,-40,441,0,0,95,92,1,0,17,123904
17447000,868,51,11,-30,435,0,0,95,91,1,0,16,123904
17467000,869,52,12,-30,436,0,0,95,91,1,0,16,120832
17487000,870,51,16,-30,420,0,0,95,83,1,0,6,130048
17507000,871,51,13,-40,438,0,0,95,92,1,0,17,113664
17527000,872,51,12,-40,427,0,0,95,92,1,0,16,112640
17547000,873,51,13,-30,426,0,0,95,91,1,0,3,102400
17568000,874,52,15,-30,408,0,0,95,91,1,0,0,115712
17588000,875,51,15,-30,446,0,0,95,91,1,0,0,117760
17608000,876,57,16,-50,452,0,0,95,92,1,0,0,124928
17628000,877,57,15,-40,444,0,0,95,92,1,0,0,108544
17648000,878,56,16,-50,432,0,0,95,91,1,0,0,120832
17668000,879,53,13,-50,439,0,0,95,92,1,0,2,115712
17688000,880,50,14,-40,416,0,0,95,92,1,0,18,116736
17708000,881,50,16,-40,436,0,0,95,92,1,0,6,116736
17728000,882,53,13,-40,409,0,0,95,81,1,0,0,117760
17748000,883,50,13,-40,416,0,0,95,92,1,0,0,116736
17769000,884,51,12,-40,429,0,0,95,92,1,0,5,113664
17789000,885,49,12,-30,417,0,0,95,91,1,0,8,122880
17809000,886,50,15,-30,422,0,0,95,83,1,0,12,122880
17829000,887,50,15,-30,430,0,0,95,90,1,0,7,124928
17849000,888,51,15,-40,439,0,0,95,92,1,0,0,128000
17869000,889,50,14,-40,427,0,0,95,92,1,0,1,116736
17889000,890,50,14,-40,453,0,0,95,91,1,0,1,114688
17909000,891,53,14,-50,428,0,0,95,91,1,0,0,112640
17929000,892,52,13,-40,414,0,0,95,91,1,0,0,124928
17949000,893,49,13,-40,418,0,0,95,86,1,0,0,110592
17970000,894,53,13,-40,430,0,0,95,92,1,0,0,119808
17990000,895,54,14,-10,454,0,0,95,90,1,0,3,108544
18010000,896,51,13,-10,415,0,0,95,91,1,0,3,100352
18030000,897,50,14,-10,419,0,0,95,87,6,0,0,102400
18050000,898,51,15,-10,434,0,0,95,92,6,0,0,112640
18070000,899,54,15,0,430,0,0,95,90,1,0,0,99328
18090000,900,54,13,-10,413,0,0,95,82,4,0,0,89088
18110000,901,47,14,-10,418,0,0,95,91,4,0,0,84992
18130000,902,49,14,-10,433,0,0,95,85,3,0,8,94208
18150000,903,51,12,0,409,0,0,95,92,6,0,12,86016
18171000,904,48,15,0,418,0,0,95,88,6,0,7,78848
18191000,905,48,14,-10,409,0,0,95,90,6,0,1,77824
18211000,906,50,12,0,420,0,0,95,92,1,0,1,90112
18231000,907,50,12,-10,427,0,0,95,91,1,0,11,95232
18251000,908,48,12,0,426,0,0,95,92,3,0,16,92160
18271000,909,51,14,0,448,0,0,95,85,6,0,17,94208
18291000,910,53,15,0,440,0,0,95,91,6,0,1,87040
18311000,911,55,13,0,445,0,0,95,86,6,0,0,81920
18331000,912,55,13,0,428,0,0,95,81,4,0,0,80896
18351000,913,46,12,0,414,0,0,95,90,4,0,0,65536
18372000,914,50,12,0,429,0,0,95,89,3,0,4,79872
18392000,915,47,11,0,417,0,0,95,91,6,0,0,66560
18412000,916,45,13,0,433,0,0,95,90,6,0,0,60416
18432000,917,53,14,0,432,0,0,95,89,6,0,0,66560
18452000,918,51,13,0,419,0,0,95,85,1,0,6,92160
18472000,919,48,12,0,425,0,0,95,90,1,0,16,74752
18492000,920,47,14,0,426,0,0,95,87,3,0,4,62464
18512000,921,49,12,0,433,0,0,95,83,6,0,0,65536
18532000,922,52,14,30,468,0,0,95,82,6,0,4,112640
18552000,923,69,14,10,481,0,0,95,92,1,0,21,123904
18573000,924,48,13,0,413,0,0,95,89,6,0,6,121856
18593000,925,45,13,0,409,0,0,95,89,6,0,1,126976
18613000,926,45,14,0,432,0,0,95,81,3,0,1,114688
18633000,927,46,13,0,419,0,0,95,88,6,0,1,104448
18653000,928,48,13,0,419,0,0,95,91,6,0,4,106496
18673000,929,46,14,0,424,0,0,95,84,3,0,4,93184
18693000,930,48,13,0,410,0,0,95,83,4,0,3,96256
18713000,931,48,12,0,407,0,0,95,88,4,0,2,89088
18733000,932,47,11,0,420,0,0,95,91,3,0,2,86016
18753000,933,49,11,0,421,0,0,95,91,3,0,12,84992
18774000,934,49,11,0,428,0,0,95,88,3,0,16,110592
18794000,935,51,12,0,424,0,0,95,87,1,0,9,98304
18814000,936,49,11,0,419,0,0,95,91,6,0,4,107520
18834000,937,45,14,0,416,0,0,95,82,6,0,0,99328
18854000,938,46,14,0,425,0,0,95,91,6,0,0,106496
18874000,939,48,14,0,422,0,0,95,91,6,0,0,94208
18894000,940,47,13,-10,422,0,0,95,85,6,0,8,111616
18914000,941,48,15,0,421,0,0,95,91,3,0,12,87040
18934000,942,50,13,0,442,0,0,95,84,1,0,1,106496
18954000,943,48,15,0,426,0,0,95,85,1,0,0,97280
18975000,944,49,12,-10,423,0,0,95,92,1,0,2,83968
18995000,945,48,12,-10,423,0,0,95,88,3,0,13,99328
19015000,946,48,13,10,449,0,0,95,81,3,0,13,103424
19035000,947,67,13,0,511,19,8,95,90,6,0,0,106496
19055000,948,47,13,10,417,0,0,95,91,1,0,15,110592
19075000,949,47,14,0,413,0,0,95,84,1,0,10,104448
19095000,950,46,14,0,406,0,0,95,80,3,0,8,97280
19115000,951,45,12,10,427,0,0,95,81,6,0,8,91136
19135000,952,44,11,0,394,0,0,95,87,6,0,4,88064
19155000,953,46,14,0,391,0,0,95,83,3,0,6,96256
19176000,954,46,14,0,430,0,0,95,85,6,0,1,100352
19196000,955,55,13,0,430,0,0,95,91,6,0,0,97280
19216000,956,52,14,0,430,0,0,95,81,6,0,0,88064
19236000,957,51,14,0,415,0,0,95,84,6,0,0,86016
19256000,958,51,13,0,400,0,0,95,88,6,0,0,97280
19276000,959,48,12,0,408,0,0,95,90,6,0,3,90112
19296000,960,48,14,10,425,0,0,95,91,3,0,16,105472
19316000,961,51,13,0,438,0,0,95,91,3,0,15,86016
19336000,962,51,12,10,413,0,0,95,83,1,0,11,108544
19356000,963,55,13,0,478,0,0,95,90,1,0,3,98304
19377000,964,68,13,-10,456,0,0,95,89,1,0,6,88064
19397000,965,48,12,-10,411,0,0,95,87,1,0,12,126976
19417000,966,49,11,0,410,0,0,95,82,1,0,3,130048
19437000,967,50,14,-10,419,0,0,95,82,1,0,2,141312
19457000,968,51,14,0,448,0,0,95,87,6,0,6,134144
19477000,969,50,13,0,423,0,0,95,92,1,0,5,131072
19497000,970,49,12,-10,414,0,0,95,85,1,0,2,136192
19517000,971,47,11,-10,405,0,0,95,91,1,0,6,122880
19537000,972,46,13,-10,421,0,0,95,86,1,0,9,134144
19557000,973,50,14,0,423,0,0,95,90,1,0,5,125952
19578000,974,49,14,0,420,0,0,95,91,1,0,7,125952
19598000,975,48,13,0,426,0,0,95,91,1,0,10,122880
19618000,976,48,12,-10,405,0,0,95,90,1,0,3,123904
19638000,977,47,13,-10,415,0,0,95,83,6,0,0,118784
19658000,978,52,14,-20,464,21,0,95,85,6,0,0,83968
19678000,979,58,13,-40,414,0,0,95,88,6,0,1,35840
19698000,980,47,13,-40,407,0,0,95,92,1,0,1,40960
19718000,981,48,14,-40,405,0,0,95,81,1,0,0,37888
19738000,982,50,13,-40,411,0,0,95,91,1,0,0,46080
19758000,983,48,14,-40,421,0,0,95,91,1,0,0,31744
19779000,984,51,14,-40,421,0,0,95,87,1,0,0,49152
19799000,985,51,14,-20,439,0,0,95,91,1,0,0,89088
19819000,986,51,14,-10,419,0,0,95,92,1,0,3,117760
19839000,987,48,14,-10,428,0,0,95,84,1,0,12,112640
19859000,988,54,15,-10,435,0,0,95,87,1,0,0,98304
19879000,989,48,13,-20,401,0,0,95,87,1,0,0,101376
19899000,990,46,13,-20,416,0,0,95,82,6,0,0,114688
19919000,991,49,14,-20,454,0,0,95,86,6,0,0,105472
19939000,992,49,12,-10,422,0,0,95,86,1,0,4,98304
19959000,993,49,13,-20,416,0,0,95,92,6,0,3,107520
19980000,994,49,12,-20,421,0,0,95,87,6,0,2,104448
20000000,995,48,12,-20,429,0,0,95,92,1,0,13,95232
20020000,996,48,12,-10,416,0,0,95,91,1,0,2,99328
20040000,997,49,15,-20,435,0,0,95,80,1,0,0,108544
20060000,998,48,15,-10,435,0,0,95,90,1,0,0,104448
20080000,999,48,14,-20,425,0,0,95,91,1,0,1,100352
20100000,1000,48,13,-20,446,0,0,95,91,1,0,12,104448
20120000,1001,48,13,-20,420,0,0,95,91,1,0,3,96256
20140000,1002,49,12,-20,419,0,0,95,86,1,0,3,131072
20160000,1003,48,12,-10,421,0,0,95,90,1,0,4,99328
20181000,1004,50,14,-20,428,0,0,95,91,1,0,3,96256
20201000,1005,48,15,-20,451,0,0,95,92,4,0,3,110592
20221000,1006,53,16,-20,438,0,0,95,80,4,0,0,103424
20241000,1007,52,15,-20,430,0,0,95,80,6,0,0,108544
20261000,1008,47,13,-10,413,0,0,95,85,1,0,0,114688
20281000,1009,49,12,-20,441,0,0,95,92,1,0,9,98304
20301000,1010,48,12,-10,425,0,0,95,87,1,0,12,106496
20321000,1011,49,13,-20,453,0,0,95,85,6,0,2,92160
20341000,1012,49,12,-20,425,0,0,95,92,6,0,1,98304
20361000,1013,49,11,-20,448,0,0,95,91,1,0,8,119808
20382000,1014,48,13,-20,419,0,0,95,91,1,0,2,110592
20402000,1015,49,13,-20,432,0,0,95,86,1,0,0,107520
20422000,1016,48,11,-20,409,0,0,95,90,6,0,0,110592
20442000,1017,49,12,-20,418,0,0,95,86,1,0,11,105472
20462000,1018,48,11,-20,414,0,0,95,85,1,0,1,110592
20482000,1019,48,10,-20,428,0,0,95,83,1,0,0,104448
20502000,1020,48,12,-20,407,0,0,95,86,6,0,1,101376
20522000,1021,48,11,-20,412,0,0,95,86,6,0,2,94208
20542000,1022,50,11,-20,431,0,0,95,84,1,0,9,104448
20562000,1023,47,12,-10,424,0,0,95,91,1,0,11,104448
20583000,1024,49,12,-20,425,0,0,95,91,1,0,1,116736
20603000,1025,49,11,-20,427,0,0,95,87,6,0,1,105472
20623000,1026,49,12,-20,438,0,0,95,85,6,0,0,114688
20643000,1027,49,12,-20,421,0,0,95,92,6,0,1,103424
20663000,1028,49,12,-20,426,0,0,95,92,1,0,12,105472
20683000,1029,49,12,-20,421,0,0,95,85,1,0,12,104448
20703000,1030,47,11,-20,426,0,0,95,81,1,0,12,112640
20723000,1031,49,11,-20,442,0,0,95,91,1,0,6,97280
20743000,1032,49,14,-20,421,0,0,95,86,1,0,5,107520
20763000,1033,49,12,-30,439,0,0,95,91,1,0,3,99328
20784000,1034,48,13,-20,409,0,0,95,91,1,0,0,99328
20804000,1035,49,12,-20,427,0,0,95,86,1,0,3,104448
20824000,1036,50,14,-20,443,0,0,95,81,1,0,7,107520
20844000,1037,48,12,-10,425,0,0,95,80,1,0,0,122880
20864000,1038,48,12,-20,431,0,0,95,91,1,0,0,110592
20884000,1039,49,12,-20,433,0,0,95,90,1,0,0,100352
20904000,1040,49,13,-20,436,0,0,95,86,1,0,4,110592
20924000,1041,48,15,-20,436,0,0,95,92,1,0,10,114688
20944000,1042,48,14,-20,431,0,0,95,92,1,0,0,114688
20964000,1043,50,15,-20,425,0,0,95,91,6,0,0,104448
20985000,1044,49,13,-30,424,0,0,95,86,6,0,0,118784
21005000,1045,48,12,-20,413,0,0,95,87,6,0,1,101376
21025000,1046,48,13,-20,436,0,0,95,91,1,0,2,106496
21045000,1047,49,13,-20,432,0,0,95,85,1,0,2,110592
21065000,1048,52,13,-30,428,0,0,95,85,1,0,8,106496
21085000,1049,50,13,-20,445,0,0,95,85,1,0,7,110592
21105000,1050,48,12,-20,413,0,0,95,88,1,0,13,109568
21125000,1051,49,12,-20,408,0,0,95,90,1,0,0,105472
21145000,1052,48,11,-20,431,0,0,95,84,1,0,0,116736
21165000,1053,48,8,-20,428,0,0,95,90,6,0,0,98304
21186000,1054,47,10,-30,426,0,0,95,91,6,0,12,109568
21206000,1055,49,12,-20,428,0,0,95,91,1,0,13,116736
21226000,1056,49,13,-20,446,0,0,95,91,6,0,13,102400
21246000,1057,48,13,-10,428,0,0,95,86,6,0,5,116736
21266000,1058,48,11,-20,445,0,0,95,91,1,0,5,118784
21286000,1059,49,14,-10,414,0,0,95,92,1,0,11,107520
21306000,1060,49,13,-20,433,0,0,95,86,1,0,0,109568
21326000,1061,49,14,-20,425,0,0,95,82,1,0,0,117760
21346000,1062,49,14,-30,424,0,0,95,92,4,0,0,109568
21366000,1063,48,12,-10,438,0,0,95,92,4,0,6,118784
21387000,1064,47,11,-20,441,0,0,95,90,1,0,8,116736
21407000,1065,48,11,-20,421,0,0,95,90,1,0,3,107520
21427000,1066,47,10,-30,414,0,0,95,86,1,0,0,114688
21447000,1067,47,10,-30,417,0,0,95,80,6,0,0,105472
21467000,1068,47,10,-20,422,0,0,95,90,4,0,0,112640
21487000,1069,47,12,-30,414,0,0,95,85,4,0,0,114688
21507000,1070,48,9,-20,424,0,0,95,89,1,0,0,110592
21527000,1071,48,10,-20,432,0,0,95,82,1,0,1,101376
21547000,1072,48,12,-20,431,0,0,95,81,1,0,1,105472
21567000,1073,48,12,-20,421,0,0,95,91,1,0,0,107520
21588000,1074,48,12,-20,439,0,0,95,86,1,0,0,113664
21608000,1075,48,12,-20,406,0,0,95,91,1,0,0,104448
21628000,1076,47,11,-20,414,0,0,95,82,1,0,10,119808
21648000,1077,50,13,-30,418,0,0,95,82,6,0,1,115712
21668000,1078,50,13,20,472,19,192,95,78,6,0,0,123904
21688000,1079,66,13,20,413,0,0,95,89,6,0,11,98304
21708000,1080,46,12,10,400,0,0,95,89,1,0,10,128000
21728000,1081,46,11,0,419,0,0,95,81,1,0,4,114688
21748000,1082,44,12,10,427,0,0,95,85,6,0,4,118784
21768000,1083,55,14,0,435,0,0,95,81,6,0,8,111616
21789000,1084,48,13,0,418,0,0,95,91,6,0,7,106496
21809000,1085,49,12,0,410,0,0,95,85,1,0,4,102400
21829000,1086,44,12,10,388,0,0,95,87,3,0,4,97280
21849000,1087,44,13,0,419,0,0,95,80,3,0,0,89088
21869000,1088,46,15,0,400,0,0,95,83,6,0,0,92160
21889000,1089,45,13,-10,401,0,0,95,82,6,0,3,90112
21909000,1090,48,13,0,419,0,0,95,91,6,0,4,80896
21929000,1091,49,12,-20,434,0,0,95,83,1,0,5,73728
21949000,1092,47,11,-20,419,0,0,95,88,1,0,4,84992
21969000,1093,49,11,-20,416,0,0,95,92,1,0,10,70656
21990000,1094,47,11,0,447,0,0,95,80,1,0,3,68608
22010000,1095,48,11,-10,414,0,0,95,87,6,0,2,66560
22030000,1096,48,11,-20,421,0,0,95,80,6,0,7,69632
22050000,1097,48,13,-10,458,0,0,95,82,1,0,3,71680
22070000,1098,61,13,-20,448,0,0,95,91,6,0,3,55296
22090000,1099,50,12,-10,421,0,0,95,91,6,0,0,40960
22110000,1100,49,12,0,409,0,0,95,86,1,0,4,46080
22130000,1101,46,13,0,409,0,0,95,83,6,0,14,39936
22150000,1102,46,14,-10,444,0,0,95,89,6,0,0,65536
22170000,1103,47,13,-10,422,0,0,95,88,6,0,0,53248
22191000,1104,50,14,-10,424,0,0,95,91,6,0,0,50176
22211000,1105,48,15,-10,421,0,0,95,83,6,0,0,48128
22231000,1106,48,14,-10,431,0,0,95,85,6,0,0,53248
22251000,1107,47,13,0,412,0,0,95,91,1,0,4,54272
22271000,1108,46,12,-10,409,0,0,95,87,1,0,9,58368
22291000,1109,46,14,-10,422,0,0,95,90,3,0,9,60416
22311000,1110,46,10,0,407,0,0,95,81,6,0,9,71680
22331000,1111,45,10,-10,406,0,0,95,91,6,0,0,65536
22351000,1112,47,14,-10,412,0,0,95,86,6,0,0,54272
22371000,1113,50,14,-10,444,0,0,95,80,6,0,0,64512
22392000,1114,50,15,-10,418,0,0,95,87,6,0,0,72704
22412000,1115,49,13,-10,425,0,0,95,92,6,0,1,59392
22432000,1116,49,12,-20,423,0,0,95,88,1,0,7,61440
22452000,1117,48,12,-10,429,0,0,95,88,1,0,0,67584
22472000,1118,50,11,-20,425,0,0,95,88,6,0,0,58368
22492000,1119,50,11,-20,446,0,0,95,87,1,0,4,61440
22512000,1120,52,13,-10,433,0,0,95,89,1,0,1,53248
22532000,1121,49,12,0,421,0,0,95,91,6,0,1,43008
22552000,1122,48,12,-10,418,0,0,95,84,1,0,0,37888
22572000,1123,47,13,-20,403,0,0,95,84,1,0,0,41984
22593000,1124,48,13,-20,423,0,0,95,86,6,0,0,58368
22613000,1125,49,13,0,416,0,0,95,91,1,0,7,49152
22633000,1126,48,14,-10,433,0,0,95,80,1,0,13,45056
22653000,1127,50,13,-10,425,0,0,95,90,6,0,1,45056
22673000,1128,48,12,-10,438,0,0,95,82,1,0,1,48128
22693000,1129,50,11,-20,436,0,0,95,87,1,0,6,35840
22713000,1130,50,11,-20,412,0,0,95,86,6,0,3,44032
22733000,1131,50,12,-10,457,0,0,95,91,1,0,17,50176
22753000,1132,51,15,-10,424,0,0,95,91,1,0,5,65536
22773000,1133,52,13,-20,438,0,0,95,90,1,0,5,43008
22794000,1134,50,12,-20,423,0,0,95,92,1,0,19,51200
22814000,1135,49,11,-20,420,0,0,95,92,1,0,21,53248
22834000,1136,49,12,-20,434,0,0,95,88,1,0,18,54272
22854000,1137,50,11,-20,425,0,0,95,89,1,0,18,57344
22874000,1138,50,12,-30,423,0,0,95,91,1,0,12,52224
22894000,1139,51,11,-20,436,0,0,95,91,1,0,12,61440
22914000,1140,51,13,-20,438,0,0,95,91,1,0,20,52224
22934000,1141,50,12,-20,436,0,0,95,90,1,0,19,63488
22954000,1142,50,11,-30,453,0,0,95,91,1,0,21,55296
22974000,1143,52,14,-10,467,0,0,95,80,1,0,3,86016
22995000,1144,67,14,-30,496,0,0,95,91,1,0,4,112640
23015000,1145,52,13,-20,422,0,0,95,88,1,0,10,98304
23035000,1146,48,13,-30,413,0,0,95,91,1,0,6,99328
23055000,1147,49,12,-20,420,0,0,95,92,1,0,11,101376
23075000,1148,51,13,-30,432,0,0,95,84,1,0,12,113664
23095000,1149,51,12,-40,410,0,0,95,83,6,0,0,94208
23115000,1150,49,12,-30,418,0,0,95,86,6,0,0,100352
23135000,1151,46,14,-30,420,0,0,95,87,6,0,0,90112
23155000,1152,48,13,-20,405,0,0,95,81,1,0,2,102400
23175000,1153,49,14,-30,421,0,0,95,92,1,0,1,97280
23196000,1154,49,15,-30,419,0,0,95,91,1,0,4,103424
23216000,1155,49,16,-20,443,0,0,95,80,6,0,3,95232
23236000,1156,47,15,-30,418,0,0,95,90,6,0,0,99328
23256000,1157,48,16,-30,415,0,0,95,81,3,0,0,111616
23276000,1158,49,13,-20,433,0,0,95,82,1,0,0,102400
23296000,1159,50,12,-30,427,0,0,95,81,1,0,2,113664
23316000,1160,50,12,-30,471,0,0,95,84,6,0,3,107520
23336000,1161,56,13,-30,449,0,0,95,87,6,0,1,108544
23356000,1162,57,14,-30,454,0,0,95,89,6,0,3,105472
23376000,1163,54,14,-30,440,0,0,95,84,1,0,4,116736
23397000,1164,54,13,-30,432,0,0,95,92,1,0,2,113664
23417000,1165,55,17,-40,438,0,0,95,89,1,0,10,94208
23437000,1166,53,16,-30,414,0,0,95,91,1,0,8,113664
23457000,1167,51,16,-20,435,0,0,95,85,1,0,7,106496
23477000,1168,50,14,-30,438,0,0,95,91,1,0,4,108544
23497000,1169,51,15,-30,438,0,0,95,84,1,0,2,95232
23517000,1170,64,16,0,465,185,2,95,87,1,0,0,105472
23537000,1171,60,15,40,415,0,0,95,89,1,0,7,101376
23557000,1172,51,15,40,404,0,0,95,88,6,0,12,109568
23577000,1173,51,11,40,419,0,0,95,87,1,0,8,95232
23598000,1174,50,13,50,410,0,0,95,91,1,0,4,100352
23618000,1175,53,13,40,432,0,0,95,89,1,0,7,95232
23638000,1176,52,12,40,424,0,0,95,91,1,0,4,108544
23658000,1177,54,9,40,420,0,0,95,87,1,0,1,109568
23678000,1178,49,9,50,408,0,0,95,91,1,0,0,93184
23698000,1179,48,10,50,408,0,0,95,90,1,0,0,98304
23718000,1180,51,10,50,420,0,0,95,92,1,0,6,118784
23738000,1181,50,9,50,414,0,0,95,91,1,0,14,109568
23758000,1182,49,8,50,408,0,0,95,88,1,0,0,98304
23778000,1183,49,9,40,437,0,0,95,87,1,0,0,93184
23799000,1184,52,8,40,421,0,0,95,91,1,0,0,101376
23819000,1185,50,9,40,415,0,0,95,90,1,0,7,101376
23839000,1186,49,11,40,409,0,0,95,86,1,0,0,109568
23859000,1187,48,9,30,415,0,0,95,87,1,0,0,105472
23879000,1188,56,12,40,419,0,0,95,90,1,0,0,98304
23899000,1189,47,11,40,398,0,0,95,90,1,0,0,92160
23919000,1190,47,9,60,406,0,0,95,91,1,0,0,105472
23939000,1191,49,11,50,427,0,0,95,89,1,0,1,94208
23959000,1192,51,12,40,426,0,0,95,87,1,0,2,103424
23979000,1193,53,13,30,405,0,0,95,85,1,0,0,94208
24000000,1194,51,13,40,420,0,0,95,91,1,0,3,91136
24020000,1195,48,14,40,410,0,0,95,88,1,0,9,107520
24040000,1196,52,15,50,471,0,0,95,85,1,0,0,95232
24060000,1197,49,15,50,401,0,0,95,89,1,0,0,96256
24080000,1198,50,13,50,410,0,0,95,90,1,0,0,99328
24100000,1199,48,12,50,406,0,0,95,85,1,0,0,99328
24120000,1200,49,12,50,412,0,0,95,91,1,0,4,105472
24140000,1201,51,14,50,419,0,0,95,84,1,0,5,92160
24160000,1202,50,14,50,405,0,0,95,91,1,0,7,94208
24180000,1203,48,13,50,414,0,0,95,89,1,0,0,95232
24201000,1204,48,13,50,419,0,0,95,90,1,0,0,113664
24221000,1205,51,12,40,420,0,0,95,87,1,0,0,100352
24241000,1206,52,15,40,417,0,0,95,90,1,0,0,90112
24261000,1207,53,14,40,401,0,0,95,88,1,0,0,101376
24281000,1208,50,13,50,413,0,0,95,91,1,0,0,99328
24301000,1209,49,11,50,416,0,0,95,92,1,0,17,101376
24321000,1210,49,12,50,420,0,0,95,89,1,0,14,96256
24341000,1211,52,12,50,434,0,0,95,81,1,0,14,89088
24361000,1212,64,15,30,486,0,0,95,88,1,0,3,91136
24381000,1213,56,13,40,420,0,0,95,88,1,0,2,80896
24402000,1214,52,13,30,404,0,0,95,89,1,0,4,67584
24422000,1215,50,13,40,408,0,0,95,86,1,0,12,61440
24442000,1216,55,13,20,424,0,0,95,89,1,0,6,61440
24462000,1217,56,13,30,406,0,0,95,87,1,0,0,91136
24482000,1218,52,12,30,397,0,0,95,84,1,0,0,119808
24502000,1219,50,9,30,403,0,0,95,89,1,0,0,117760
24522000,1220,49,8,40,392,0,0,95,84,1,0,4,128000
24542000,1221,49,9,30,409,0,0,95,82,1,0,3,112640
24562000,1222,53,10,30,412,0,0,95,86,1,0,0,116736
24582000,1223,55,11,30,465,0,0,95,81,1,0,0,109568
24603000,1224,66,12,-20,477,0,0,95,76,1,0,0,107520
24623000,1225,59,11,-40,405,0,0,95,87,1,0,6,72704
24643000,1226,48,11,-20,410,0,0,95,88,1,0,9,74752
24663000,1227,46,11,-30,392,0,0,95,90,1,0,5,77824
24683000,1228,47,12,-20,416,0,0,95,91,1,0,9,82944
24703000,1229,49,11,-30,431,0,0,95,91,1,0,12,79872
24723000,1230,49,13,-30,414,0,0,95,82,6,0,2,87040
24743000,1231,50,13,-30,435,0,0,95,82,6,0,0,96256
24763000,1232,54,14,-30,448,0,0,95,88,4,0,0,92160
24783000,1233,50,13,-40,408,0,0,95,85,1,0,0,92160
24804000,1234,50,13,-30,448,0,0,95,91,1,0,1,118784
24824000,1235,49,12,-40,415,0,0,95,91,1,0,11,86016
24844000,1236,49,12,-20,438,0,0,95,83,1,0,11,93184
24864000,1237,50,13,-50,434,0,0,85,92,1,0,5,102400
24884000,1238,49,14,-40,424,0,0,95,91,4,0,0,99328
24904000,1239,51,14,-40,456,0,0,95,85,6,0,0,98304
24924000,1240,51,14,-30,422,0,0,95,83,6,0,0,102400
24944000,1241,46,12,-30,400,0,0,95,87,1,0,3,92160
24964000,1242,48,12,-30,416,0,0,95,85,6,0,3,113664
24984000,1243,51,12,-40,424,0,0,95,90,6,0,0,99328
25005000,1244,48,12,-40,421,0,0,95,83,1,0,0,99328
25025000,1245,49,15,-30,412,0,0,95,92,6,0,2,105472
25045000,1246,48,12,-30,422,0,0,95,86,6,0,0,106496
25065000,1247,48,11,-30,439,0,0,95,86,1,0,0,106496
25085000,1248,47,10,-30,413,0,0,95,82,6,0,0,116736
25105000,1249,48,10,-30,400,0,0,95,87,6,0,0,101376
25125000,1250,49,10,-30,418,0,0,95,90,1,0,3,98304
25145000,1251,48,12,-40,414,0,0,95,87,1,0,3,106496
25165000,1252,48,13,-40,415,0,0,95,80,1,0,2,97280
25185000,1253,48,13,-40,421,0,0,95,88,6,0,0,104448
25206000,1254,51,12,-30,413,0,0,95,91,1,0,3,119808
25226000,1255,48,13,-30,407,0,0,95,86,1,0,7,126976
25246000,1256,48,13,-40,417,0,0,95,82,1,0,6,102400
25266000,1257,48,15,-30,414,0,0,95,82,6,0,0,108544
25286000,1258,49,13,-30,419,0,0,95,86,6,0,0,111616
25306000,1259,49,13,-30,413,0,0,95,82,1,0,2,107520
25326000,1260,49,15,-30,444,130,2,95,72,6,0,0,111616
25346000,1261,66,16,50,450,0,0,95,91,6,0,3,81920
25366000,1262,47,14,50,411,0,0,95,87,6,0,1,93184
25386000,1263,46,15,50,400,0,0,95,82,6,0,1,81920
25407000,1264,48,14,50,408,0,0,95,89,6,0,0,92160
25427000,1265,48,15,50,456,0,0,95,87,1,0,0,93184
25447000,1266,49,12,50,430,0,0,95,82,1,0,0,83968
25467000,1267,49,14,50,429,0,0,95,87,1,0,0,97280
25487000,1268,49,12,50,404,0,0,95,92,1,0,0,83968
25507000,1269,50,12,50,410,0,0,95,91,1,0,0,99328
25527000,1270,50,13,50,412,0,0,95,90,1,0,12,97280
25547000,1271,49,14,50,405,0,0,95,90,1,0,0,93184
25567000,1272,48,14,50,400,0,0,95,87,1,0,0,92160
25587000,1273,48,13,50,392,0,0,95,86,1,0,0,86016
25608000,1274,48,16,50,408,0,0,95,89,1,0,0,90112
25628000,1275,53,17,50,407,0,0,95,91,1,0,0,83968
25648000,1276,50,14,50,394,0,0,95,89,1,0,0,91136
25668000,1277,46,15,50,424,0,0,95,87,1,0,0,84992
25688000,1278,49,14,50,397,0,0,95,89,1,0,0,89088
25708000,1279,48,15,40,398,0,0,95,89,1,0,0,82944
25728000,1280,49,11,50,407,0,0,95,91,1,0,0,91136
25748000,1281,48,10,50,410,0,0,95,88,1,0,0,86016
25768000,1282,49,10,50,395,0,0,95,85,1,0,0,87040
25788000,1283,55,8,40,406,0,0,95,86,1,0,0,98304
25809000,1284,48,11,50,410,0,0,95,92,1,0,1,84992
25829000,1285,48,11,50,465,0,0,95,87,1,0,1,99328
25849000,1286,49,11,40,404,0,0,95,86,1,0,0,84992
25869000,1287,48,11,50,401,0,0,95,90,1,0,0,97280
25889000,1288,49,12,50,409,0,0,95,92,1,0,0,91136
25909000,1289,51,11,50,417,0,0,95,92,1,0,1,81920
25929000,1290,49,11,50,417,0,0,95,88,1,0,5,89088
25949000,1291,50,9,50,405,0,0,95,89,1,0,0,81920
25969000,1292,49,11,50,401,0,0,95,89,1,0,0,87040
25989000,1293,49,10,50,400,0,0,95,90,1,0,0,92160
26010000,1294,48,11,50,406,0,0,95,89,1,0,0,102400
26030000,1295,48,13,50,401,0,0,95,89,1,0,2,89088
26050000,1296,49,14,40,412,0,0,95,83,1,0,2,86016
26070000,1297,49,12,50,413,0,0,95,90,1,0,0,90112
26090000,1298,50,10,50,410,0,0,95,85,1,0,0,82944
26110000,1299,48,9,50,398,0,0,95,90,1,0,0,86016
26130000,1300,48,12,50,473,0,0,95,83,1,0,0,88064
26150000,1301,50,11,50,398,0,0,95,89,1,0,0,94208
26170000,1302,49,11,50,402,0,0,95,90,1,0,0,87040
26190000,1303,48,8,60,408,0,0,95,91,1,0,4,97280
26211000,1304,50,11,40,411,0,0,95,88,1,0,0,95232
26231000,1305,49,14,40,451,0,0,95,89,1,0,0,90112
26251000,1306,48,13,50,399,0,0,95,91,1,0,0,103424
26271000,1307,50,13,60,417,0,0,95,92,1,0,4,98304
26291000,1308,48,14,50,405,0,0,95,90,1,0,12,82944
26311000,1309,47,14,50,408,0,0,95,86,1,0,3,89088
26331000,1310,52,10,40,401,0,0,95,90,1,0,3,82944
26351000,1311,50,12,50,409,0,0,95,88,1,0,0,101376
26371000,1312,49,11,50,414,0,0,95,90,1,0,0,91136
26391000,1313,50,11,40,407,0,0,95,88,1,0,0,93184
26412000,1314,49,12,50,403,0,0,95,90,1,0,3,81920
26432000,1315,47,10,40,398,0,0,95,86,1,0,0,105472
26452000,1316,50,12,50,408,0,0,95,90,1,0,0,89088
26472000,1317,48,14,50,447,0,0,95,88,1,0,0,100352
26492000,1318,50,12,50,400,0,0,95,86,1,0,3,93184
26512000,1319,48,12,50,397,0,0,95,90,1,0,3,97280
26532000,1320,49,13,50,410,0,0,95,90,1,0,6,80896
26552000,1321,49,12,50,417,0,0,95,88,1,0,2,96256
26572000,1322,49,13,40,407,0,0,95,88,6,0,0,94208
26592000,1323,49,13,40,425,0,0,95,89,1,0,0,91136
26613000,1324,56,13,50,407,0,0,95,75,1,0,0,100352
26633000,1325,75,13,-20,499,0,0,95,83,6,0,3,157696
26653000,1326,51,13,-30,409,0,0,95,87,1,0,9,120832
26673000,1327,46,13,-20,410,0,0,95,80,1,0,1,125952
26693000,1328,47,13,-20,408,0,0,95,90,1,0,3,124928
26713000,1329,48,13,-30,419,0,0,95,83,1,0,7,120832
26733000,1330,48,12,-40,431,0,0,95,91,1,0,9,126976
26753000,1331,49,13,-30,408,0,0,95,83,1,0,5,121856
26773000,1332,49,14,-40,426,0,0,95,89,6,0,3,135168
26793000,1333,48,13,-40,404,0,0,95,87,6,0,3,135168
26814000,1334,49,12,-30,418,0,0,95,87,1,0,3,133120
26834000,1335,47,12,-30,414,0,0,95,82,6,0,3,132096
26854000,1336,45,14,-40,422,0,0,95,84,6,0,2,141312
26874000,1337,49,12,-30,408,0,0,95,88,6,0,3,151552
26894000,1338,50,14,-40,416,0,0,95,90,6,0,5,119808
26914000,1339,49,12,-40,404,0,0,95,91,6,0,9,131072
26934000,1340,47,14,-30,430,0,0,95,90,1,0,9,135168
26954000,1341,63,15,-30,474,0,0,95,86,1,0,9,139264
26974000,1342,54,13,-30,423,0,0,95,87,1,0,8,129024
26994000,1343,50,13,-30,416,0,0,95,90,1,0,5,137216
27015000,1344,50,13,-40,424,0,0,95,81,1,0,5,123904
27035000,1345,49,14,-30,420,0,0,95,87,1,0,0,132096
27055000,1346,50,15,-40,404,0,0,95,84,1,0,0,112640
27075000,1347,49,13,-20,427,0,0,95,85,1,0,0,119808
27095000,1348,48,12,-40,416,0,0,95,86,1,0,0,117760
27115000,1349,54,13,-30,438,0,0,95,91,1,0,0,110592
27135000,1350,50,12,-40,418,0,0,95,92,1,0,0,118784
27155000,1351,48,11,-40,414,0,0,95,91,1,0,0,111616
27175000,1352,52,12,-30,427,0,0,95,91,1,0,13,99328
27195000,1353,55,12,-30,421,0,0,95,88,1,0,9,111616
27216000,1354,53,13,-30,425,0,0,95,91,1,0,9,102400
27236000,1355,52,12,-40,395,0,0,95,91,1,0,0,110592
27256000,1356,51,12,-40,413,0,0,95,83,1,0,0,118784
27276000,1357,55,13,-20,467,40,14,95,80,1,0,0,124928
27296000,1358,66,11,-60,461,0,0,95,90,6,0,0,101376
27316000,1359,50,11,-60,414,0,0,95,91,1,0,16,103424
27336000,1360,56,15,-50,414,0,0,95,92,1,0,0,93184
27356000,1361,53,12,-60,430,0,0,95,92,1,0,0,103424
27376000,1362,52,13,-50,418,0,0,95,91,1,0,0,115712
27396000,1363,53,14,-60,407,0,0,95,92,1,0,0,100352
27417000,1364,51,13,-50,404,0,0,95,92,1,0,0,88064
27437000,1365,52,12,-60,417,0,0,95,92,1,0,4,98304
27457000,1366,51,13,-50,430,0,0,95,92,1,0,1,88064
27477000,1367,54,13,-60,426,0,0,95,92,1,0,2,84992
27497000,1368,57,14,-60,417,0,0,95,86,1,0,0,90112
27517000,1369,56,17,-60,434,0,0,95,92,1,0,0,81920
27537000,1370,57,17,-60,429,0,0,95,92,1,0,0,83968
27557000,1371,58,18,-60,427,0,0,95,92,1,0,0,103424
27577000,1372,56,15,-60,420,0,0,95,91,1,0,5,83968
27597000,1373,51,12,-60,419,0,0,95,91,1,0,0,86016
27618000,1374,51,12,-60,397,0,0,95,91,1,0,0,99328
27638000,1375,53,13,-60,428,0,0,95,92,1,0,0,105472
27658000,1376,53,11,-60,430,0,0,95,91,1,0,0,89088
27678000,1377,53,12,-60,420,0,0,95,91,1,0,19,97280
27698000,1378,52,8,-60,398,0,0,95,91,1,0,2,90112
27718000,1379,51,10,-50,410,0,0,95,91,1,0,0,89088
27738000,1380,50,14,-60,415,0,0,95,91,1,0,0,74752
27758000,1381,51,16,-50,415,0,0,95,87,1,0,0,80896
27778000,1382,55,17,-50,427,0,0,95,92,1,0,1,72704
27798000,1383,56,15,-60,426,0,0,95,92,1,0,0,82944
27819000,1384,51,13,-60,414,0,0,95,91,1,0,2,79872
27839000,1385,53,16,-50,422,0,0,95,90,1,0,3,101376
